연번,호선,station_name,층수,형식,지반고,레일면고,선로기준정거장깊이,정거장깊이,비고,위도,경도,station_depth,underground_floors,is_island_platform,is_side_platform,is_transfer_station,line_1to4,line_5to8,risk_area_count_500m,risk_area_count_1km,nearest_risk_distance,risk_weighted_score_500m,construction_count_500m,ongoing_construction_500m,total_construction_amount_500m,avg_construction_amount_500m,subway_related_construction_500m,large_construction_500m,construction_density_500m,water_building_count_500m,total_water_output_500m,total_waste_output_500m,avg_water_output_500m,large_water_buildings_500m,max_water_output_500m,water_building_density_500m,road_construction_count_500m,ongoing_road_construction_500m,subway_related_road_500m,communication_infra_500m,water_sewer_construction_500m,major_road_construction_500m,avg_construction_duration_500m,long_term_construction_500m,road_construction_density_500m,comprehensive_risk_score,underground_activity_density,ground_disturbance_index,infrastructure_density,risk_level,underground_risk_score_norm,subway_risk_score_norm,construction_risk_score_norm,water_output_risk_score_norm,station_risk_score
1,1,서울,B2,섬식,129.99,117.04,12.95,11.85,"4호선,경의중앙선,공항철도환승",37.55315,126.972533,12.950000000000005,1.0,1,0,1,1,0,0.0,0,2392.534836734708,0.0,0,0.0,0.0,0.0,0.0,0.0,0.0,0.1321243523316062,0.0623678205715613,2564.89,51.27235294117647,7,236.0,64.9352167814933,0.0,0.0,79,177,0.0,237,405.6155913978495,0.0,678.6366773438417,80.472978,584,472.5,267,Low,0.0,0.1,0.0,0.0648307243010558,0.1787385960996641
2,1,시청,B2,상대식,129.97,118.82,11.15,10.05,2호선환승,37.56359,126.975407,11.150000000000006,1.0,0,1,1,1,0,0.0,0,1322.2923091612554,0.0,6,0.5454545454545454,35.7,5.95,0.0,0.0,7.639437268410976,0.2590673575129534,0.0844073651027466,2512.45,35.3894,6,164.9,127.32395447351628,0.0,0.0,79,177,0.0,237,405.6155913978495,0.0,678.6366773438417,82.157788,639,472.5,267,Medium,0.0,0.0444444444444444,0.109090909090909,0.1144915742052333,0.347098696243426
3,1,종각,B2,상대식,128.77,116.24,12.53,11.43,,37.570203,126.983116,12.530000000000015,1.0,0,1,0,1,0,1.0,4,333.702328368281,10.042764333916612,3,0.0909090909090909,9.7,3.233333333333333,0.0,0.0,3.819718634205488,0.645077720207254,0.3287363652604019,8368.19,55.35301204819277,49,531.24,317.0366466390555,0.0,0.0,79,177,0.0,237,405.6155913978495,0.0,678.6366773438417,84.55658,783,472.5,267,Very High,0.1,0.0111111111111111,0.0181818181818181,0.3246046951558852,0.7658236046461012
4,1,종로3가,B2,상대식,124.38,112.04,12.34,11.24,"3,5호선환승",37.570429,126.992095,12.33999999999999,1.0,0,1,1,1,0,0.25,4,345.92123130583474,2.890831523191137,0,0.0,0.0,0.0,0.0,0.0,0.0,0.3186528497409326,0.0839658825322447,1997.33,28.62138211382113,6,185.0,156.60846400242502,0.0,0.0,79,177,0.0,237,405.6155913978495,0.0,678.6366773438417,81.054086,656,472.5,267,Medium,0.00625,0.0444444444444444,0.0,0.1342062440910591,0.3128690500667127
5,1,종로5가,B2,상대식,121.75,109.26,12.49,11.39,,37.570971,127.0019,12.489999999999997,1.0,0,1,0,1,0,0.25,2,265.47187994917,3.766877306144329,1,0.0909090909090909,0.0,0.0,0.0,0.0,1.2732395447351628,0.5673575129533679,0.0741292406237426,1554.65,14.191826484018266,0,95.99,278.83946029700064,0.0,0.0,79,177,0.0,237,405.6155913978495,0.0,678.6366773438417,81.221602,753,472.5,267,Medium,0.00625,0.0111111111111111,0.0181818181818181,0.2138289178590368,0.488603718074604
6,1,동대문,B2,상대식,120.52,108.93,11.59,10.49,4호선환승,37.57179,127.011383,11.58999999999999,1.0,0,1,1,1,0,0.0,1,757.7721143387668,0.0,3,0.0909090909090909,184.29604,61.43201333333334,0.0,0.5,3.819718634205488,0.2176165803108808,0.0536688728074642,1801.33,26.787738095238097,6,133.1,106.95212175775367,0.0,0.0,79,177,0.0,237,405.6155913978495,0.0,678.6366773438417,80.650034,618,474.5,267,Medium,0.0,0.0444444444444444,0.1181818181818182,0.0904284843727816,0.3009699706432591
7,1,동묘앞,B1,상대식,119.91,109.97,9.94,8.84,6호선환승,37.573265,127.016459,9.939999999999998,1.0,0,1,1,1,0,0.0,0,1189.860050423476,0.0,1,0.0909090909090909,0.0,0.0,0.0,0.0,1.2732395447351628,0.2202072538860103,0.0347633536552061,1008.52,17.147294117647057,0,82.39,108.22536130248884,0.0,0.0,79,177,0.0,237,405.6155913978495,0.0,678.6366773438417,80.491504,619,472.5,267,Low,0.0,0.0444444444444444,0.0181818181818181,0.0849902025137388,0.2159367691417976
8,1,신설동,B2,상대식,118.0,108.46,9.54,8.44,"2호선(지선),우이신설선환승",37.576117,127.02471,9.540000000000006,1.0,0,1,1,1,0,0.0,0,1612.340280602725,0.0,3,0.0,0.0,0.0,0.0,0.0,3.819718634205488,0.2072538860103627,0.03975489727242,1217.8,20.835,2,141.6,101.85916357881302,0.0,0.0,79,177,0.0,237,405.6155913978495,0.0,678.6366773438417,80.28336,613,472.5,267,Low,0.0,0.0444444444444444,0.0,0.0823362610942609,0.1968241820547953
9,1,제기동,B2,상대식,115.91,105.49,10.42,9.32,,37.578116,127.034902,10.420000000000002,1.0,0,1,0,1,0,0.0,0,1660.8448204745057,0.0,2,0.1818181818181818,1800.8,900.4,0.0,0.5,2.546479089470325,0.2927461139896373,0.0781784300345529,2651.78,29.006902654867257,8,316.41,143.8760685550734,0.0,0.0,79,177,0.0,237,405.6155913978495,0.0,678.6366773438417,81.105556,648,474.5,267,Medium,0.0,0.0111111111111111,0.1363636363636363,0.1236415146747301,0.3749198524131544
10,1,청량리,B2,섬식,114.41,107.97,6.44,5.34,"분당선,경의중앙선,경춘선환승",37.580148,127.045063,6.439999999999998,1.0,1,0,1,1,0,0.0,0,2155.2117304287503,0.0,3,0.0,0.0,0.0,0.0,0.0,3.819718634205488,0.0569948186528497,0.01017508802819,426.61,19.39136363636364,0,89.1,28.01126998417358,0.0,0.0,79,177,0.0,237,405.6155913978495,0.0,678.6366773438417,80.03532200000001,555,472.5,267,Low,0.0,0.1,0.0,0.0223899688936799,0.0856583029903055
12,2,을지로입구,B2,상대식,127.09,112.53,14.56,13.46,,37.565998,126.982569,14.560000000000002,1.0,0,1,0,1,0,0.0,4,714.2196977348308,0.0,3,0.2727272727272727,9.7,3.233333333333333,0.0,0.0,3.819718634205488,1.0,0.2511639899052899,6915.93,27.28116580310881,18,355.5,491.4704642677728,0.0,0.0,79,177,0.0,237,405.6155913978495,0.0,678.6366773438417,82.806106,922,472.5,267,Very High,0.0,0.0111111111111111,0.0545454545454545,0.4170546633017633,0.9586141856106664
13,2,을지로3가,B2,상대식,125.47,112.77,12.7,11.6,3호선환승,37.566292,126.991773,12.700000000000005,1.0,0,1,1,1,0,0.0,3,600.9495629069233,0.0,4,0.0909090909090909,192.67946,48.169865,0.0,0.5,5.092958178940651,0.4300518134715026,0.1000178644216804,3279.12,25.261686746987948,4,185.0,211.35776442603705,0.0,0.0,79,177,0.0,237,405.6155913978495,0.0,678.6366773438417,81.03868800000001,700,474.5,267,Medium,0.0,0.0444444444444444,0.1181818181818182,0.176689892631061,0.4901569228460762
14,2,을지로4가,B2,상대식,125.61,110.28,15.33,14.23,5호선환승,37.566611,126.998122,15.329999999999998,1.0,0,1,1,1,0,0.0,2,848.3802040487221,0.0,2,0.1818181818181818,0.0,0.0,0.0,0.0,2.546479089470325,0.0518134715025906,0.0249469851224428,610.75,52.2975,4,185.0,25.464790894703256,0.0,0.0,79,177,0.0,237,405.6155913978495,0.0,678.6366773438417,80.65919000000001,555,472.5,267,Low,0.0,0.0444444444444444,0.0363636363636363,0.0255868188750111,0.0989463592261446
15,2,동대문역사문화공원,B2,상대식,123.95,108.85,15.1,14.0,"4,5호선환승",37.565597,127.009113,15.100000000000009,1.0,0,1,1,1,0,0.0,0,1002.3352295347296,0.0,0,0.0,0.0,0.0,0.0,0.0,0.0,0.3678756476683938,0.0650241098139595,2666.41,19.19901408450704,6,133.1,180.8000153523931,0.0,0.0,79,177,0.0,237,405.6155913978495,0.0,678.6366773438417,80.49525200000001,675,472.5,267,Medium,0.0,0.0444444444444444,0.0,0.1442999191607844,0.33272175031433
16,2,신당,B2,상대식,122.43,109.04,13.39,12.29,6호선환승,37.565681,127.019488,13.39,1.0,0,1,1,1,0,0.0,0,1234.1019538308683,0.0,0,0.0,0.0,0.0,0.0,0.0,0.0,0.38860103626943,0.183384370562963,4203.2,51.25826666666666,24,502.0,190.9859317102744,0.0,0.0,79,177,0.0,237,405.6155913978495,0.0,678.6366773438417,81.487748,683,472.5,267,Medium,0.0,0.0444444444444444,0.0,0.1906618022774643,0.4344017894225029
17,2,상왕십리,B2,상대식,134.38,119.21,15.17,14.07,,37.564504,127.028872,15.170000000000002,1.0,0,1,0,1,0,0.25,2,400.6305627638986,2.496065185594252,0,0.0,0.0,0.0,0.0,0.0,0.0,0.1994818652849741,0.0348189265557609,1347.65,18.959090909090907,1,168.0,98.03944494460752,0.0,0.0,79,177,0.0,237,405.6155913978495,0.0,678.6366773438417,80.64197,610,472.5,267,Low,0.00625,0.0111111111111111,0.0,0.0781002639469116,0.1776340910889549
18,2,왕십리,B2,상대식,118.41,104.86,13.55,12.45,"5호선,분당선,경의중앙선환승",37.561159,127.035505,13.549999999999995,1.0,0,1,1,1,0,0.5,2,311.6102620978232,5.912400167918021,12,1.0,33.5,2.7916666666666665,0.0,0.0,15.278874536821952,0.194300518134715,0.0327496111685788,1245.89,18.307866666666666,0,53.0,95.4929658551372,0.0,0.0,79,177,0.0,237,405.6155913978495,0.0,678.6366773438417,83.774618,619,472.5,267,Medium,0.025,0.0444444444444444,0.2,0.0756833764344312,0.337583575168275
19,2,한양대,B2,상대식,120.76,122.78,-2.02,-3.12,,37.55658,127.043504,-2.019999999999996,1.0,0,1,0,1,0,0.0,1,702.4973439284896,0.0,1,0.0909090909090909,111.9,111.9,0.0,0.5,1.2732395447351628,0.1321243523316062,0.0710512651659757,2978.96,58.41098039215687,14,286.94,64.9352167814933,0.0,0.0,79,177,0.0,237,405.6155913978495,0.0,678.6366773438417,80.795792,585,474.5,267,Low,0.0,0.0111111111111111,0.1181818181818182,0.0677252058325273,0.2389932095013123
20,2,뚝섬,고가,상대식,109.75,127.72,-17.97,-19.07,,37.54718,127.047413,-17.97,1.0,0,1,0,1,0,0.0,1,972.9782651921828,0.0,0,0.0,0.0,0.0,0.0,0.0,0.0,0.3212435233160622,0.2229308098307268,7814.8,75.37741935483871,24,496.17,157.8817035471602,0.0,0.0,79,177,0.0,237,405.6155913978495,0.0,678.6366773438417,81.81936,657,472.5,267,Medium,0.0,0.0111111111111111,0.0,0.1813914443822629,0.4018858656043655
21,2,성수,고가,섬식,112.7,125.0,-12.3,-13.4,2호선(지선)환승,37.544628,127.055983,-12.299999999999995,1.0,1,0,1,1,0,0.0,0,1645.2466890757505,0.0,1,0.0909090909090909,0.0,0.0,0.0,0.0,1.2732395447351628,0.38860103626943,0.2289033463233994,9597.21,63.9814,34,840.17,190.9859317102744,0.0,0.0,79,177,0.0,237,405.6155913978495,0.0,678.6366773438417,82.119442,684,472.5,267,High,0.0,0.1,0.0181818181818181,0.2058347941976098,0.5012781695057082
22,2,건대입구,고가,상대식,111.44,125.0,-13.56,-14.66,7호선환승,37.540408,127.069231,-13.560000000000002,1.0,0,1,1,1,0,0.0,0,2832.195172589782,0.0,6,0.0909090909090909,0.0,0.0,0.0,0.0,7.639437268410976,0.1787564766839378,0.1488819471790313,2853.69,90.46608695652174,22,350.0,87.85352858672623,0.0,0.0,79,177,0.0,237,405.6155913978495,0.0,678.6366773438417,81.448432,603,472.5,267,Medium,0.0,0.0444444444444444,0.0181818181818181,0.109212807954323,0.2690613469830789
23,2,구의,고가,상대식,119.48,132.98,-13.5,-14.6,,37.536857,127.085024,-13.499999999999986,1.0,0,1,0,1,0,0.0,0,4271.264002777627,0.0,0,0.0,0.0,0.0,0.0,0.0,0.0,0.1632124352331606,0.0653153308936909,2315.66,43.46777777777778,0,100.0,80.21409131831525,0.0,0.0,79,177,0.0,237,405.6155913978495,0.0,678.6366773438417,80.49769400000001,596,472.5,267,Low,0.0,0.0111111111111111,0.0,0.0761759220422838,0.1711290950178203
24,2,강변,고가,상대식,107.33,125.28,-17.95,-19.05,,37.535161,127.094684,-17.950000000000003,1.0,0,1,0,1,0,0.0,0,5144.870109482874,0.0,0,0.0,0.0,0.0,0.0,0.0,0.0,0.0569948186528497,0.0262606998703219,1101.03,50.04681818181818,0,83.0,28.01126998417358,0.0,0.0,79,177,0.0,237,405.6155913978495,0.0,678.6366773438417,80.17020600000001,555,472.5,267,Low,0.0,0.0111111111111111,0.0,0.0277518395077238,0.0649262776408877
25,2,잠실나루,고가,상대식,114.7,122.26,-7.56,-8.66,,37.520688,127.103836,-7.560000000000002,1.0,0,1,0,1,0,0.0,0,6393.064114212091,0.0,0,0.0,0.0,0.0,0.0,0.0,0.0,0.1295336787564767,0.0455807499288642,1485.0,38.2212,0,87.51,63.66197723675813,0.0,0.0,79,177,0.0,237,405.6155913978495,0.0,678.6366773438417,80.332212,583,472.5,267,Low,0.0,0.0111111111111111,0.0,0.0583714762284469,0.13208070817611
26,2,잠실,B2,상대식,114.45,103.33,11.12,10.02,8호선환승,37.513305,127.100129,11.120000000000005,1.0,0,1,1,1,0,0.0,0,6358.835349100231,0.0,0,0.0,0.0,0.0,0.0,0.0,0.0,0.2202072538860103,0.3427698344571541,4665.62,169.07388235294118,34,610.49,108.22536130248884,0.0,0.0,79,177,0.0,237,405.6155913978495,0.0,678.6366773438417,82.824256,618,472.5,267,Medium,0.0,0.0444444444444444,0.0,0.1876590294477214,0.4278161626481804
27,2,잠실새내,B2,상대식,114.71,103.91,10.8,9.7,,37.520731,127.103738,10.799999999999995,1.0,0,1,0,1,0,0.0,0,6383.218844706806,0.0,0,0.0,0.0,0.0,0.0,0.0,0.0,0.0906735751295336,0.0332015881924043,1111.98,39.77257142857143,0,87.51,44.563384065730695,0.0,0.0,79,177,0.0,237,405.6155913978495,0.0,678.6366773438417,80.228408,568,472.5,267,Low,0.0,0.0111111111111111,0.0,0.0412917211073126,0.0946216997854403
28,2,종합운동장,B2,상대식,114.92,102.64,12.28,11.18,9호선환승,37.511008,127.073641,12.28,1.0,0,1,1,1,0,0.0,0,4295.404600894226,0.0,0,0.0,0.0,0.0,0.0,0.0,0.0,0.0284974093264248,0.0020712234696046,86.34,7.8945454545454545,0,8.63,14.00563499208679,0.0,0.0,79,177,0.0,237,405.6155913978495,0.0,678.6366773438417,79.96736800000001,544,472.5,267,Low,0.0,0.0444444444444444,0.0,0.0101895442653431,0.0385933144641006
29,2,삼성,B2,섬식,118.07,104.7,13.37,12.27,,37.508827,127.063203,13.36999999999999,1.0,1,0,0,1,0,0.0,0,3671.734943485979,0.0,3,0.2727272727272727,3142.6,1047.5333333333333,0.0,1.0,3.819718634205488,0.2227979274611399,0.1586291477239796,6650.83,77.33523255813954,25,630.03,109.498600847224,0.0,0.0,79,177,0.0,237,405.6155913978495,0.0,678.6366773438417,82.03016600000001,622,476.5,267,Medium,0.0,0.0444444444444444,0.2545454545454545,0.1271423583950398,0.4811802542685214
30,2,선릉,B2,상대식,122.14,109.09,13.05,11.95,분당선환승,37.504257,127.048174,13.049999999999995,1.0,0,1,1,1,0,0.0,0,3225.974840835413,0.0,0,0.0,0.0,0.0,0.0,0.0,0.0,0.0958549222797927,0.0091483011745916,382.96,10.366486486486489,0,30.66,47.10986315520102,0.0,0.0,79,177,0.0,237,405.6155913978495,0.0,678.6366773438417,80.026712,570,472.5,267,Low,0.0,0.0444444444444444,0.0,0.0350010744847948,0.0930095114226708
31,2,역삼,B3,상대식,143.03,125.29,17.74,16.64,,37.500658,127.03643,17.739999999999995,1.0,0,1,0,1,0,0.0,0,3292.34787092613,0.0,0,0.0,0.0,0.0,0.0,0.0,0.0,0.2072538860103627,0.3830420605763696,16059.77,200.747125,6,4979.0,101.85916357881302,0.0,0.0,79,177,0.0,237,405.6155913978495,0.0,678.6366773438417,83.16195400000001,613,472.5,267,Medium,0.0,0.0111111111111111,0.0,0.1967653155289107,0.4356035602782636
32,2,강남,B2,상대식,118.77,105.71,13.06,11.96,신분당선환승,37.497958,127.027539,13.060000000000002,1.0,0,1,1,1,0,0.0,0,3576.8252717891305,0.0,5,0.2727272727272727,21.000000000000004,4.200000000000001,0.0,0.0,6.366197723675814,0.5673575129533679,0.4308402407904612,17597.0,82.48310502283104,7,4979.0,278.83946029700064,0.0,0.0,79,177,0.0,237,405.6155913978495,0.0,678.6366773438417,84.31276,755,472.5,267,Very High,0.0,0.0444444444444444,0.0545454545454545,0.3327325845812763,0.785864879123942
33,2,교대,B2,상대식,117.89,104.8,13.09,11.99,3호선환승,37.493957,127.014631,13.090000000000003,1.0,0,1,1,1,0,0.0,0,4268.699308272674,0.0,1,0.0,0.0,0.0,0.0,0.0,1.2732395447351628,0.3989637305699482,0.1315217362786811,5325.93,35.80714285714286,19,178.0,196.07888988921505,0.0,0.0,79,177,0.0,237,405.6155913978495,0.0,678.6366773438417,81.05286000000001,687,472.5,267,Medium,0.0,0.0444444444444444,0.0,0.1768284889495431,0.4040628181464939
34,2,서초,B2,상대식,131.03,115.64,15.39,14.29,,37.49191,127.007945,15.39,1.0,0,1,0,1,0,0.0,0,4710.488200791099,0.0,0,0.0,0.0,0.0,0.0,0.0,0.0,0.2487046632124352,0.0479687150806009,1971.58,20.949791666666663,7,119.34,122.23099629457562,0.0,0.0,79,177,0.0,237,405.6155913978495,0.0,678.6366773438417,80.352236,629,472.5,267,Low,0.0,0.0111111111111111,0.0,0.0988911260976787,0.2209476675484023
35,2,방배,B2,상대식,126.43,113.68,12.75,11.65,,37.481469,126.997627,12.75,1.0,0,1,0,1,0,0.0,0,6160.093650436063,0.0,0,0.0,0.0,0.0,0.0,0.0,0.0,0.0854922279792746,0.015999986643423,670.83,20.32818181818181,0,70.27,42.01690497626037,0.0,0.0,79,177,0.0,237,405.6155913978495,0.0,678.6366773438417,80.084166,566,472.5,267,Low,0.0,0.0111111111111111,0.0,0.0338307382075658,0.0782584077439502
36,2,사당,B2,상대식,118.59,104.77,13.82,12.72,4호선환승,37.476536,126.981631,13.820000000000007,1.0,0,1,1,1,0,0.0,0,7072.0305615301895,0.0,2,0.1818181818181818,27.7,13.85,0.0,0.0,2.546479089470325,0.0958549222797927,0.2175409540078197,9121.15,246.50864864864863,24,643.22,47.10986315520102,0.0,0.0,79,177,0.0,237,405.6155913978495,0.0,678.6366773438417,82.274164,572,472.5,267,Medium,0.0,0.0444444444444444,0.0363636363636363,0.1044652920958708,0.2719411925400755
37,2,낙성대,B2,상대식,148.33,134.96,13.37,12.27,,37.47693,126.963783,13.370000000000005,1.0,0,1,0,1,0,0.0,0,5687.134329045818,0.0,0,0.0,0.0,0.0,0.0,0.0,0.0,0.0,0.0,0.0,0.0,0,0.0,0.0,0.0,0.0,79,177,0.0,237,405.6155913978495,0.0,678.6366773438417,79.95,533,472.5,267,Low,0.0,0.0111111111111111,0.0,0.0,0.0040614478114478
38,2,서울대입구,B2,섬식,134.32,120.91,13.41,12.31,,37.481233,126.952745,13.409999999999997,1.0,1,0,0,1,0,0.0,0,5173.214658851543,0.0,4,0.2727272727272727,0.0,0.0,0.0,0.0,5.092958178940651,0.4093264248704663,0.1710908340252119,6376.11,45.40069620253165,6,4521.0,201.17184806815573,0.0,0.0,79,177,0.0,237,405.6155913978495,0.0,678.6366773438417,82.134662,694,472.5,267,Medium,0.0,0.0444444444444444,0.0545454545454545,0.1934724196318927,0.4804420173599527
39,2,봉천,B2,섬식,127.09,114.04,13.05,11.95,,37.482416,126.941896,13.049999999999995,1.0,1,0,0,1,0,0.0,0,4591.9731390539,0.0,0,0.0,0.0,0.0,0.0,0.0,0.0,0.0595854922279792,0.0027264112714244,114.33,4.97,0,11.9,29.284509528908742,0.0,0.0,79,177,0.0,237,405.6155913978495,0.0,678.6366773438417,79.972862,556,472.5,267,Low,0.0,0.0444444444444444,0.0,0.0207706344998012,0.0617995691828553
40,2,신림,B2,섬식,122.46,109.57,12.89,11.79,신림선환승,37.484216,126.929573,12.89,1.0,1,0,1,1,0,0.0,0,3944.448228298302,0.0,0,0.0,0.0,0.0,0.0,0.0,0.0,0.233160621761658,0.0356873425682932,1466.34,16.62511111111111,1,162.0,114.59155902616465,0.0,0.0,79,177,0.0,237,405.6155913978495,0.0,678.6366773438417,80.249252,623,472.5,267,Low,0.0,0.1,0.0,0.0896159881099837,0.2330971860442447
41,2,신대방,고가,상대식,108.97,126.25,-17.28,-18.38,,37.487534,126.913279,-17.28,1.0,0,1,0,1,0,0.0,0,2658.6596877164225,0.0,0,0.0,0.0,0.0,0.0,0.0,0.0,0.0,0.0,0.0,0.0,0,0.0,0.0,0.0,0.0,79,177,0.0,237,405.6155913978495,0.0,678.6366773438417,79.95,533,472.5,267,Low,0.0,0.0111111111111111,0.0,0.0,0.0040614478114478
42,2,구로디지털단지,고가,상대식,110.64,126.26,-15.62,-16.72,,37.485005,126.902626,-15.620000000000005,1.0,0,1,0,1,0,0.0,0,1793.0602520370871,0.0,0,0.0,0.0,0.0,0.0,0.0,0.0,0.266839378238342,0.2815153799791112,9030.01,114.59291262135922,44,542.53,131.14367310772175,0.0,0.0,79,177,0.0,237,405.6155913978495,0.0,678.6366773438417,82.310614,636,472.5,267,Medium,0.0,0.0111111111111111,0.0,0.1827849194058177,0.4049420096901163
43,2,대림,고가,상대식,108.8,126.25,-17.45,-18.55,7호선환승,37.492426,126.895293,-17.450000000000003,1.0,0,1,1,1,0,0.0,1,979.9843078315708,0.0,3,0.1818181818181818,0.0,0.0,0.0,0.0,3.819718634205488,0.0,0.0,0.0,0.0,0,0.0,0.0,0.0,0.0,79,177,0.0,237,405.6155913978495,0.0,678.6366773438417,80.45,535,472.5,267,Low,0.0,0.0444444444444444,0.0363636363636363,0.0,0.0428298132843587
44,2,신도림,B2,섬식,111.52,99.58,11.94,10.84,2호선(지선).국철환승,37.508815,126.891222,11.939999999999998,1.0,1,0,1,1,0,0.0,0,1686.0198736880134,0.0,3,0.2727272727272727,0.0,0.0,0.0,0.0,3.819718634205488,0.1191709844559585,0.0829255005913862,3476.71,75.58282608695652,10,182.72,58.569019057817485,0.0,0.0,79,177,0.0,237,405.6155913978495,0.0,678.6366773438417,81.395362,582,472.5,267,Low,0.0,0.1,0.0545454545454545,0.0673654950157816,0.2241738422023117
45,2,문래,B2,상대식,109.25,96.21,13.04,11.94,,37.517993,126.894766,13.040000000000006,1.0,0,1,0,1,0,0.0,0,2750.613640263031,0.0,0,0.0,0.0,0.0,0.0,0.0,0.0,0.0906735751295336,0.0701537508965005,2870.33,84.038,12,319.31,44.563384065730695,0.0,0.0,79,177,0.0,237,405.6155913978495,0.0,678.6366773438417,80.53826600000001,568,472.5,267,Low,0.0,0.0111111111111111,0.0,0.0536091086753447,0.1216359702471471
46,2,영등포구청,B2,상대식,109.56,95.51,14.05,12.95,5호선환승,37.525766,126.896627,14.049999999999995,1.0,0,1,1,1,0,0.0,0,3621.744947429812,0.0,5,0.4545454545454546,16.0,3.2,0.0,0.0,6.366197723675814,0.0751295336787564,0.024506695103455,1027.49,35.430689655172415,0,97.0,36.92394679731972,0.0,0.0,79,177,0.0,237,405.6155913978495,0.0,678.6366773438417,81.40549800000001,567,472.5,267,Low,0.0,0.0444444444444444,0.0909090909090909,0.0332120762607371,0.1555459681413267
47,2,당산,고가,상대식,112.65,122.82,-10.17,-11.27,9호선환승,37.533877,126.902011,-10.169999999999987,1.0,0,1,1,1,0,0.0,0,3676.768181285237,0.0,0,0.0,0.0,0.0,0.0,0.0,0.0,0.0647668393782383,0.0411647316723316,1722.91,69.0364,9,205.0,31.830988618379067,0.0,0.0,79,177,0.0,237,405.6155913978495,0.0,678.6366773438417,80.295182,558,472.5,267,Low,0.0,0.0444444444444444,0.0,0.0353105236835233,0.0936881897789731
48,2,합정,B2,상대식,120.95,106.75,14.2,13.1,6호선환승,37.550025,126.914557,14.200000000000005,1.0,0,1,1,1,0,0.0,0,1572.509103504686,0.0,0,0.0,0.0,0.0,0.0,0.0,0.0,0.1813471502590673,0.0572264924841825,2009.33,34.27614285714286,0,90.68,89.12676813146139,0.0,0.0,79,177,0.0,237,405.6155913978495,0.0,678.6366773438417,80.429866,603,472.5,267,Low,0.0,0.0444444444444444,0.0,0.0795245475810833,0.190657583099758
49,2,홍대입구,B2,섬식,111.67,98.41,13.26,12.16,"경의중앙선,공항철도환승",37.556748,126.923643,13.260000000000003,1.0,1,0,1,1,0,0.0,1,662.4158949698256,0.0,0,0.0,0.0,0.0,0.0,0.0,0.0,0.5129533678756477,0.2042700022491521,7856.51,43.25459595959596,17,249.86,252.1014298575622,0.0,0.0,79,177,0.0,237,405.6155913978495,0.0,678.6366773438417,81.662882,731,472.5,267,High,0.0,0.1,0.0,0.2390744567082666,0.560886781947297
50,2,신촌,B2,상대식,121.26,106.15,15.11,14.01,,37.555153,126.93689,15.11,1.0,0,1,0,1,0,0.0,1,641.4934104663697,0.0,0,0.0,0.0,0.0,0.0,0.0,0.0,0.4119170984455959,0.0967753168549745,4057.49,25.518805031446544,7,126.0,202.4450876128909,0.0,0.0,79,177,0.0,237,405.6155913978495,0.0,678.6366773438417,80.761498,692,472.5,267,Medium,0.0,0.0111111111111111,0.0,0.1695641384335234,0.3759464332395164
51,2,이대,B2,섬식,150.81,122.4,28.41,27.31,,37.556734,126.945897,28.41,1.0,1,0,0,1,0,0.0,1,725.5123556648117,0.0,0,0.0,0.0,0.0,0.0,0.0,0.0,0.1243523316062176,0.0220025754342497,919.5,19.21875,0,52.83,61.11549814728781,0.0,0.0,79,177,0.0,237,405.6155913978495,0.0,678.6366773438417,80.1345,581,472.5,267,Low,0.0,0.0444444444444444,0.0,0.0487849690134891,0.1232400982867389
52,2,아현,B2,상대식,133.76,118.82,14.94,13.84,,37.557407,126.956079,14.939999999999998,1.0,0,1,0,1,0,0.0,0,1436.943224601154,0.0,0,0.0,0.0,0.0,0.0,0.0,0.0,0.2823834196891192,0.0533363894453466,2233.23,20.515871559633027,4,233.79,138.78311037613273,0.0,0.0,79,177,0.0,237,405.6155913978495,0.0,678.6366773438417,80.39724600000001,642,472.5,267,Low,0.0,0.0111111111111111,0.0,0.1119066030448219,0.2494929749438414
53,2,충정로,B3,섬식,145.39,128.98,16.41,15.31,5호선환승,37.559742,126.964455,16.409999999999997,1.0,1,0,1,1,0,0.0,0,2212.8363944141965,0.0,1,0.0909090909090909,0.0,0.0,0.0,0.0,1.2732395447351628,0.082901554404145,0.0145646316411106,601.65,19.0828125,0,50.0,40.74366543152521,0.0,0.0,79,177,0.0,237,405.6155913978495,0.0,678.6366773438417,80.32213,566,472.5,267,Low,0.0,0.1,0.0181818181818181,0.0324887286817519,0.1210987303629745
55,2,용두,B2,상대식,114.93,105.24,9.69,8.59,,37.574012,127.03811,9.690000000000012,1.0,0,1,0,1,0,0.0,0,1276.6401400758307,0.0,3,0.0909090909090909,69.0,23.0,0.0,0.0,3.819718634205488,0.3756476683937824,0.0624751502078259,2617.39,18.064758620689656,2,102.6,184.6197339865986,0.0,0.0,79,177,0.0,237,405.6155913978495,0.0,678.6366773438417,80.723878,679,472.5,267,Medium,0.0,0.0111111111111111,0.0181818181818181,0.1460409395338694,0.3376477921266044
56,2,신답,지상,상대식,114.07,112.67,1.4,0.3,,37.56147,127.056348,1.3999999999999917,1.0,0,1,0,1,0,0.0,0,1867.68901919735,0.0,20,1.0,33.3,1.6649999999999998,1.0,0.0,25.464790894703256,0.0569948186528497,0.1941581194512068,0.05,370.0204545454545,17,479.0,28.01126998417358,0.0,0.0,79,177,0.0,237,405.6155913978495,0.0,678.6366773438417,84.32809,566,472.5,273,Medium,0.0,0.0111111111111111,0.4,0.0837176460346855,0.4800937093799437
57,2,용답,지상,상대식,110.37,115.75,-5.38,-6.48,,37.566412,126.977863,-5.379999999999996,1.0,0,1,0,1,0,0.0,2,954.23619265667,0.0,7,0.6363636363636364,45.400000000000006,6.485714285714287,0.0,0.0,8.91267681314614,0.4637305699481865,0.1651087571204269,4263.84,38.6731843575419,18,355.5,227.90987850759413,0.0,0.0,79,177,0.0,237,405.6155913978495,0.0,678.6366773438417,83.0845,719,472.5,267,High,0.0,0.0111111111111111,0.1272727272727272,0.2096131090228711,0.5568251845079584
58,2,도림천,B3,상대식,108.08,95.4,12.68,11.58,,37.514759,126.882586,12.679999999999993,1.0,0,1,0,1,0,0.0,0,2245.7737493156533,0.0,0,0.0,0.0,0.0,0.0,0.0,0.0,0.0155440414507772,0.03130352320264,1312.46,218.7433333333333,5,340.6,7.639437268410976,0.0,0.0,79,177,0.0,237,405.6155913978495,0.0,678.6366773438417,80.212492,539,472.5,267,Low,0.0,0.0111111111111111,0.0,0.0156158548844724,0.0383098568194384
59,2,양천구청,B2,상대식,107.28,97.91,9.37,8.27,,37.512194,126.865193,9.370000000000005,1.0,0,1,0,1,0,0.0,0,1131.5433446854677,0.0,5,0.4545454545454546,118.1,23.62,0.0,0.5,6.366197723675814,0.1865284974093264,0.0899541607049028,3746.48,52.38194444444444,22,234.78,91.67324722093171,0.0,0.0,79,177,0.0,237,405.6155913978495,0.0,678.6366773438417,81.9543,610,474.5,267,Medium,0.0,0.0111111111111111,0.1909090909090909,0.0921608860380764,0.345753143120163
60,2,신정네거리,B3,상대식,114.97,93.33,21.64,20.54,,37.520218,126.852849,21.64,1.0,0,1,0,1,0,0.0,0,1927.480893554954,0.0,0,0.0,0.0,0.0,0.0,0.0,0.0,0.0310880829015544,0.0215668171110153,803.13,75.3525,5,220.69,15.278874536821952,0.0,0.0,79,177,0.0,237,405.6155913978495,0.0,678.6366773438417,80.130846,545,472.5,267,Low,0.0,0.0111111111111111,0.0,0.0175516333375232,0.0425553709266976
61,2,까치산,B5,상대식,114.37,82.28,32.09,30.99,5호선환승,37.53181,126.846706,32.09,1.0,0,1,1,1,0,0.0,0,1301.7567588054262,0.0,2,0.1818181818181818,0.0,0.0,0.0,0.0,2.546479089470325,0.0,0.0,0.0,0.0,0,0.0,0.0,0.0,0.0,79,177,0.0,237,405.6155913978495,0.0,678.6366773438417,80.45,535,472.5,267,Low,0.0,0.0444444444444444,0.0363636363636363,0.0,0.0428298132843587
62,3,지축,고가,섬식,123.22,130.4,-7.18,-8.28,,37.648281,126.912551,-7.180000000000007,1.0,1,0,0,1,0,0.0,0,8978.088679776365,0.0,2,0.1818181818181818,22.7,11.35,0.0,0.0,2.546479089470325,0.0155440414507772,0.0600330432173513,1198.71,419.5,6,1042.1,7.639437268410976,0.0,0.0,79,177,0.0,237,405.6155913978495,0.0,678.6366773438417,80.9534,541,472.5,267,Low,0.0,0.0444444444444444,0.0363636363636363,0.0251923615560428,0.0980812426061345
63,3,구파발,B2,섬식,131.87,119.35,12.52,11.42,,37.636612,126.918827,12.52000000000001,1.0,1,0,0,1,0,0.0,0,7608.440290640464,0.0,4,0.1818181818181818,105.17193,26.2929825,0.0,0.0,5.092958178940651,0.233160621761658,0.0679294038124917,2848.07,31.645222222222223,8,155.0,114.59155902616465,0.0,0.0,79,177,0.0,237,405.6155913978495,0.0,678.6366773438417,81.019614,625,472.5,267,Medium,0.0,0.0444444444444444,0.0363636363636363,0.1003633418580499,0.2629448698594001
64,3,연신내,B2,섬식,126.77,112.29,14.48,13.38,6호선환승,37.618855,126.920859,14.47999999999999,1.0,1,0,1,1,0,0.0,0,6037.279437749926,0.0,0,0.0,0.0,0.0,0.0,0.0,0.0,0.0,0.0,0.0,0.0,0,0.0,0.0,0.0,0.0,79,177,0.0,237,405.6155913978495,0.0,678.6366773438417,79.95,533,472.5,267,Low,0.0,0.1,0.0,0.0,0.0365530303030303
65,3,불광,B2,상대식,128.47,114.4,14.07,12.97,6호선환승,37.610554,126.929843,14.069999999999991,1.0,0,1,1,1,0,0.0,0,4833.888759825484,0.0,2,0.1818181818181818,0.0,0.0,0.0,0.0,2.546479089470325,0.0906735751295336,0.0248325001770939,1040.16,29.74714285714285,4,272.7,44.563384065730695,0.0,0.0,79,177,0.0,237,405.6155913978495,0.0,678.6366773438417,80.65823,570,472.5,267,Low,0.0,0.0444444444444444,0.0363636363636363,0.0385020251022091,0.1272717547017039
66,3,녹번,B2,섬식,136.67,123.69,12.98,11.88,,37.600882,126.935758,12.97999999999999,1.0,1,0,0,1,0,0.0,0,3773.718267129536,0.0,0,0.0,0.0,0.0,0.0,0.0,0.0,0.0,0.0,0.0,0.0,0,0.0,0.0,0.0,0.0,79,177,0.0,237,405.6155913978495,0.0,678.6366773438417,79.95,533,472.5,267,Low,0.0,0.0444444444444444,0.0,0.0,0.0162457912457912
67,3,홍제,B3,섬식,138.75,121.83,16.92,15.82,,37.588851,126.944092,16.92,1.0,1,0,0,1,0,0.0,0,2537.5263155371254,0.0,0,0.0,0.0,0.0,0.0,0.0,0.0,0.0103626943005181,0.0051587393394838,216.29,54.072500000000005,0,75.68,5.092958178940651,0.0,0.0,79,177,0.0,237,405.6155913978495,0.0,678.6366773438417,79.993258,537,472.5,267,Low,0.0,0.0444444444444444,0.0,0.005173811213334,0.0275928999295806
68,3,무악재,B3,상대식,154.53,138.06,16.47,15.37,,37.582658,126.950131,16.47,1.0,0,1,0,1,0,0.0,0,1903.4942314563457,0.0,6,0.4545454545454546,0.0,0.0,0.0,0.0,7.639437268410976,0.0,0.0,0.0,0.0,0,0.0,0.0,0.0,0.0,79,177,0.0,237,405.6155913978495,0.0,678.6366773438417,81.2,538,472.5,267,Low,0.0,0.0111111111111111,0.0909090909090909,0.0,0.0705215029078665
69,3,독립문,B3,섬식,149.49,131.45,18.04,16.94,,37.574534,126.957902,18.04000000000002,1.0,1,0,0,1,0,0.0,0,1502.3401356748836,0.0,0,0.0,0.0,0.0,0.0,0.0,0.0,0.0803108808290155,0.0071469612237104,150.15,9.666129032258064,0,44.7,39.470425886790046,0.0,0.0,79,177,0.0,237,405.6155913978495,0.0,678.6366773438417,80.00993,564,472.5,267,Low,0.0,0.0444444444444444,0.0,0.0291526140175753,0.0801827742616099
70,3,경복궁,B3,섬식,134.82,115.66,19.16,18.06,,37.575844,126.973576,19.16,1.0,1,0,0,1,0,0.0,3,754.2390631026676,0.0,0,0.0,0.0,0.0,0.0,0.0,0.0,0.2849740932642487,0.0412458251752871,318.52,15.721,0,85.3,140.0563499208679,0.0,0.0,79,177,0.0,237,405.6155913978495,0.0,678.6366773438417,80.295862,643,472.5,267,Medium,0.0,0.0444444444444444,0.0,0.1087399728131786,0.2547323225292399
71,3,안국,B4,섬식,133.1,113.19,19.91,18.81,,37.576562,126.98547,19.91,1.0,1,0,0,1,0,0.25,5,268.4948400441604,3.724466361571515,0,0.0,0.0,0.0,0.0,0.0,0.0,0.1062176165803108,0.0487591382241142,1179.82,49.861463414634144,10,134.45,52.20282133414168,0.0,0.0,79,177,0.0,237,405.6155913978495,0.0,678.6366773438417,80.758864,574,472.5,267,Low,0.00625,0.0444444444444444,0.0,0.0516589182681417,0.1318277559323596
74,3,충무로,B4,섬식,137.83,110.14,27.69,26.59,4호선환승,37.561302,126.995473,27.69000000000001,1.0,1,0,1,1,0,0.0,0,1244.0233720904453,0.0,5,0.1818181818181818,192.67946,38.535892,0.0,0.5,6.366197723675814,0.2642487046632124,0.0207890350135509,871.62,8.545294117647058,0,45.92,129.8704335629866,0.0,0.0,79,177,0.0,237,405.6155913978495,0.0,678.6366773438417,80.624324,637,474.5,267,Medium,0.0,0.1,0.1363636363636363,0.0950125798922544,0.3446229756658983
75,3,동대입구,B3,섬식,131.99,116.79,15.2,14.1,,37.55816,127.005273,15.200000000000005,1.0,1,0,0,1,0,0.0,0,1681.4051661493784,0.0,0,0.0,0.0,0.0,0.0,0.0,0.0,0.0958549222797927,0.0100200563313633,420.11,11.354324324324324,0,32.23,47.10986315520102,0.0,0.0,79,177,0.0,237,405.6155913978495,0.0,678.6366773438417,80.03402200000001,570,472.5,267,Low,0.0,0.0444444444444444,0.0,0.035291659537052,0.0936468172759167
76,3,약수,B3,섬식,135.42,120.27,15.15,14.05,6호선환승,37.554674,127.010628,15.149999999999991,1.0,1,0,1,1,0,0.0,0,2164.071580521974,0.0,0,0.0,0.0,0.0,0.0,0.0,0.0,0.0025906735751295,7.918542053301804e-05,3.32,3.32,0,3.32,1.2732395447351628,0.0,0.0,79,177,0.0,237,405.6155913978495,0.0,678.6366773438417,79.950664,534,472.5,267,Low,0.0,0.1,0.0,0.0008899529985541,0.0385048590384957
77,3,금호,B2,섬식,134.29,121.89,12.4,11.3,,37.548269,127.015785,12.399999999999991,1.0,1,0,0,1,0,0.0,0,1983.8276329932053,0.0,0,0.0,0.0,0.0,0.0,0.0,0.0,0.0,0.0,0.0,0.0,0,0.0,0.0,0.0,0.0,79,177,0.0,237,405.6155913978495,0.0,678.6366773438417,79.95,533,472.5,267,Low,0.0,0.0444444444444444,0.0,0.0,0.0162457912457912
78,3,옥수,고가,상대식,113.51,128.09,-14.58,-15.68,경의중앙선환승,37.541653,127.017303,-14.579999999999998,1.0,0,1,1,1,0,0.0,0,1788.3898051460728,0.0,0,0.0,0.0,0.0,0.0,0.0,0.0,0.0544041450777202,0.007595122082691,318.44,15.163809523809524,0,71.6,26.73803043943842,0.0,0.0,79,177,0.0,237,405.6155913978495,0.0,678.6366773438417,80.013688,554,472.5,267,Low,0.0,0.0444444444444444,0.0,0.0206664223868037,0.0615710130713949
79,3,압구정,B2,상대식,121.58,109.19,12.39,11.29,,37.526169,127.028502,12.39,1.0,0,1,0,1,0,0.25,1,497.5739641645388,2.0097514581155176,0,0.0,0.0,0.0,0.0,0.0,0.0,0.1088082901554404,0.001966278936368,82.64,1.9628571428571429,0,26.5,53.47606087887684,0.0,0.0,79,177,0.0,237,405.6155913978495,0.0,678.6366773438417,80.366488,575,472.5,267,Low,0.00625,0.0111111111111111,0.0,0.0369248563639361,0.0873289358217472
80,3,신사,B2,상대식,124.49,110.91,13.58,12.48,,37.516438,127.020247,13.579999999999998,1.0,0,1,0,1,0,0.0,0,1800.2109983484163,0.0,0,0.0,0.0,0.0,0.0,0.0,0.0,0.0906735751295336,0.0167357909275928,701.68,20.048,1,108.75,44.563384065730695,0.0,0.0,79,177,0.0,237,405.6155913978495,0.0,678.6366773438417,80.09033600000001,568,472.5,267,Low,0.0,0.0111111111111111,0.0,0.0358031220190421,0.0825842040577561
81,3,잠원,B2,상대식,110.98,97.26,13.72,12.62,,37.512989,127.011613,13.72,1.0,0,1,0,1,0,0.0,0,2573.346209824291,0.0,0,0.0,0.0,0.0,0.0,0.0,0.0,0.0854922279792746,0.0269270976563739,1130.37,34.21121212121212,1,289.76,42.01690497626037,0.0,0.0,79,177,0.0,237,405.6155913978495,0.0,678.6366773438417,80.175794,566,472.5,267,Low,0.0,0.0111111111111111,0.0,0.0374731085452161,0.0862467881435696
82,3,고속터미널,B3,상대식,110.05,96.12,13.93,12.83,"7,9호선환승",37.504953,127.004916,13.929999999999993,1.0,0,1,1,1,0,0.0,0,3634.450878329522,0.0,0,0.0,0.0,0.0,0.0,0.0,0.0,0.1088082901554404,0.2702092760949948,1710.11,269.73904761904765,15,1020.98,53.47606087887684,0.0,0.0,79,177,0.0,237,405.6155913978495,0.0,678.6366773438417,82.21580800000001,575,472.5,267,Medium,0.0,0.0444444444444444,0.0,0.126339188750145,0.2933306029364504
84,3,남부터미널,B3,상대식,135.55,116.99,18.56,17.46,,37.48494,127.016289,18.560000000000016,1.0,0,1,0,1,0,0.0,0,5179.618755810568,0.0,0,0.0,0.0,0.0,0.0,0.0,0.0,0.3005181347150259,0.0735522842012444,2867.62,26.5846551724138,2,108.0,147.6957871892789,0.0,0.0,79,177,0.0,237,405.6155913978495,0.0,678.6366773438417,80.566764,649,472.5,267,Medium,0.0,0.0111111111111111,0.0,0.1246901396387568,0.2775295949737213
85,3,양재,B2,상대식,131.0,112.41,18.59,17.49,신분당선환승,37.48466,127.03513,18.590000000000003,1.0,0,1,1,1,0,0.0,0,5048.119369937364,0.0,0,0.0,0.0,0.0,0.0,0.0,0.0,0.1139896373056994,0.0413574479970023,1733.99,39.408863636363634,0,94.52,56.02253996834716,0.0,0.0,79,177,0.0,237,405.6155913978495,0.0,678.6366773438417,80.29679800000001,577,472.5,267,Low,0.0,0.0444444444444444,0.0,0.0517823617675672,0.1298139255769332
86,3,매봉,B2,상대식,114.98,99.35,15.63,14.53,,37.487114,127.046907,15.63000000000001,1.0,0,1,0,1,0,0.0,0,4959.538122698114,0.0,7,0.4545454545454546,0.0,0.0,0.0,0.0,8.91267681314614,0.0181347150259067,0.0023338233129987,109.05,13.978571428571428,0,20.59,8.91267681314614,0.0,0.0,79,177,0.0,237,405.6155913978495,0.0,678.6366773438417,81.21957,545,472.5,267,Low,0.0,0.0111111111111111,0.0909090909090909,0.0068228461129684,0.0854852449510815
87,3,도곡,B4,상대식,113.38,88.531,24.849,23.749,분당선환승,37.491129,127.055694,24.84899999999999,1.0,0,1,1,1,0,0.0,0,4826.17338981858,0.0,0,0.0,0.0,0.0,0.0,0.0,0.0,0.005181347150259,0.0018932947837081,79.38,39.69,0,68.6,2.546479089470325,0.0,0.0,79,177,0.0,237,405.6155913978495,0.0,678.6366773438417,79.96587600000001,535,472.5,267,Low,0.0,0.0444444444444444,0.0,0.002358213977989,0.021417783265699
88,3,대치,B4,섬식,111.43,86.93,24.5,23.4,,37.494601,127.063449,24.5,1.0,1,0,0,1,0,0.0,0,4851.2765501130425,0.0,0,0.0,0.0,0.0,0.0,0.0,0.0,0.038860103626943,0.0237298670472019,995.32,66.328,5,153.22,19.09859317102744,0.0,0.0,79,177,0.0,237,405.6155913978495,0.0,678.6366773438417,80.148984,548,472.5,267,Low,0.0,0.0444444444444444,0.0,0.0208633235580483,0.0620028531401471
89,3,학여울,B5,상대식,117.91,91.57,26.34,25.24,,37.496757,127.070541,26.340000000000003,1.0,0,1,0,1,0,0.0,0,5065.855450297808,0.0,2,0.1818181818181818,0.0,0.0,0.0,0.0,2.546479089470325,0.0,0.0,0.0,0.0,0,0.0,0.0,0.0,0.0,79,177,0.0,237,405.6155913978495,0.0,678.6366773438417,80.45,535,472.5,267,Low,0.0,0.0111111111111111,0.0363636363636363,0.0,0.0306454698500153
90,3,대청,B3,상대식,122.0,107.62,14.38,13.28,,37.493607,127.079526,14.379999999999995,1.0,0,1,0,1,0,0.0,0,5874.257692381623,0.0,9,0.4545454545454546,85.4,9.488888888888887,0.0,0.0,11.459155902616464,0.0,0.0,0.0,0.0,0,0.0,0.0,0.0,0.0,79,177,0.0,237,405.6155913978495,0.0,678.6366773438417,81.2,538,472.5,267,Low,0.0,0.0111111111111111,0.0909090909090909,0.0,0.0705215029078665
91,3,일원,B3,상대식,143.96,127.07,16.89,15.79,,37.48389,127.08416,16.890000000000015,1.0,0,1,0,1,0,0.0,0,6932.122321703021,0.0,0,0.0,0.0,0.0,0.0,0.0,0.0,0.0466321243523316,0.0050237425080932,210.53,11.701666666666666,0,48.7,22.91831180523293,0.0,0.0,79,177,0.0,237,405.6155913978495,0.0,678.6366773438417,79.992126,551,472.5,267,Low,0.0,0.0111111111111111,0.0,0.0172186222868082,0.0418250171450159
92,3,수서,B2,상대식,113.38,102.09,11.29,10.19,"분당선, GTX-A환승",37.487507,127.101324,11.289999999999992,1.0,0,1,1,1,0,0.0,0,7783.341813210571,0.0,5,0.3636363636363636,0.0,0.0,0.0,0.0,6.366197723675814,0.0595854922279792,0.0316264661526451,1325.6,57.65217391304348,0,58.67,29.284509528908742,0.0,0.0,79,177,0.0,237,405.6155913978495,0.0,678.6366773438417,81.21520000000001,560,472.5,267,Low,0.0,0.0444444444444444,0.0727272727272727,0.0304039861268748,0.1360953048966403
93,3,가락시장,B4,상대식,116.12,91.69,24.43,23.33,8호선환승,37.492368,127.118101,24.430000000000007,1.0,0,1,1,1,0,0.0,0,8736.826032382693,0.0,0,0.0,0.0,0.0,0.0,0.0,0.0,0.1062176165803108,0.0590138886934429,2458.27,60.3480487804878,12,702.24,52.20282133414168,0.0,0.0,79,177,0.0,237,405.6155913978495,0.0,678.6366773438417,80.444854,574,472.5,267,Low,0.0,0.0444444444444444,0.0,0.0550771684245846,0.1370400356315279
94,3,경찰병원,B3,상대식,126.56,96.83,29.73,28.63,,37.495754,127.124198,29.730000000000004,1.0,0,1,0,1,0,0.0,0,9049.221060292306,0.0,0,0.0,0.0,0.0,0.0,0.0,0.0,0.0466321243523316,0.045352257058772,1901.98,105.6377777777778,12,229.4,22.91831180523293,0.0,0.0,79,177,0.0,237,405.6155913978495,0.0,678.6366773438417,80.330296,551,472.5,267,Low,0.0,0.0111111111111111,0.0,0.0306614604703678,0.0713076054339591
95,3,오금,B4,상대식,133.6,98.27,35.33,34.23,5호선환승,37.502288,127.128344,35.33,1.0,0,1,1,1,0,0.0,0,9112.704275490214,0.0,1,0.0909090909090909,0.0,0.0,0.0,0.0,1.2732395447351628,0.0233160621761658,0.0145806118313989,611.3199999999999,67.92444444444443,2,219.54,11.459155902616464,0.0,0.0,79,177,0.0,237,405.6155913978495,0.0,678.6366773438417,80.322264,543,472.5,267,Low,0.0,0.0444444444444444,0.0181818181818181,0.0126322246691882,0.0572425677327265
96,4,당고개,고가,상대식,141.03,156.69,-15.66,-16.76,,37.66956,127.078404,-15.659999999999997,1.0,0,1,0,1,0,0.0,0,5948.144955770354,0.0,1,0.0,0.0,0.0,0.0,0.0,1.2732395447351628,0.0569948186528497,0.0030006981196563,125.81,5.718636363636364,0,6.0,28.01126998417358,0.0,0.0,79,177,0.0,237,405.6155913978495,0.0,678.6366773438417,79.975162,555,472.5,267,Low,0.0,0.0111111111111111,0.0,0.0199985055908353,0.0479218066640753
97,4,상계,고가,상대식,131.63,144.57,-12.94,-14.04,,37.660576,127.073199,-12.939999999999998,1.0,0,1,0,1,0,0.0,0,4866.855473672528,0.0,6,0.0909090909090909,0.0,0.0,0.0,0.0,7.639437268410976,0.0310880829015544,0.0004944318577257,20.73,1.7275,0,1.73,15.278874536821952,0.0,0.0,79,177,0.0,237,405.6155913978495,0.0,678.6366773438417,80.20414600000001,546,472.5,267,Low,0.0,0.0111111111111111,0.0181818181818181,0.01052750491976,0.0404421912115689
98,4,노원,고가,상대식,125.69,138.28,-12.59,-13.69,7호선환승,37.656274,127.063183,-12.590000000000003,1.0,0,1,1,1,0,0.0,0,4259.228860118767,0.0,3,0.2727272727272727,70.3,23.433333333333334,0.0,0.0,3.819718634205488,0.3393782383419689,0.1392506626412487,5838.35,44.5675572519084,26,189.27,166.79438036030632,0.0,0.0,79,177,0.0,237,405.6155913978495,0.0,678.6366773438417,81.86767,667,472.5,267,Medium,0.0,0.0444444444444444,0.0545454545454545,0.1595429669944059,0.4060285587345554
99,4,창동,고가,상대식,122.99,132.46,-9.47,-10.57,국철환승,37.652993,127.046746,-9.470000000000011,1.0,0,1,1,1,0,0.0,0,4062.087048336632,0.0,0,0.0,0.0,0.0,0.0,0.0,0.0,0.2357512953367875,0.1116035023806905,3611.27,51.41967032967033,7,1146.42,115.8647985708998,0.0,0.0,79,177,0.0,237,405.6155913978495,0.0,678.6366773438417,80.885838,624,472.5,267,Medium,0.0,0.0444444444444444,0.0,0.1157849325724927,0.27018320018319
100,4,쌍문,B2,상대식,140.28,126.24,14.04,12.94,,37.648274,127.034381,14.040000000000006,1.0,0,1,0,1,0,0.0,0,4058.77076313204,0.0,0,0.0,0.0,0.0,0.0,0.0,0.0,0.0544041450777202,0.0240175104723911,1006.98,47.95142857142857,3,172.38,26.73803043943842,0.0,0.0,79,177,0.0,237,405.6155913978495,0.0,678.6366773438417,80.151396,554,472.5,267,Low,0.0,0.0111111111111111,0.0,0.0261405518500371,0.0613924308461883
101,4,수유,B2,상대식,132.56,119.9,12.66,11.56,,37.637127,127.024731,12.659999999999997,1.0,0,1,0,1,0,0.0,0,3779.1839300251536,0.0,6,0.1818181818181818,14.7,2.45,0.0,0.0,7.639437268410976,0.2305699481865285,0.072494252497978,1567.32,34.15123595505618,7,376.0,113.31831948142948,0.0,0.0,79,177,0.0,237,405.6155913978495,0.0,678.6366773438417,81.05789200000001,624,472.5,267,Medium,0.0,0.0111111111111111,0.0363636363636363,0.1010214002281688,0.2522037680777038
102,4,미아,B2,상대식,140.93,127.38,13.55,12.45,,37.626435,127.026151,13.550000000000011,1.0,0,1,0,1,0,0.0,0,3143.1323608475323,0.0,0,0.0,0.0,0.0,0.0,0.0,0.0,0.0984455958549222,0.0394326698533233,1542.95,43.50763157894737,0,98.44,48.38310269993618,0.0,0.0,79,177,0.0,237,405.6155913978495,0.0,678.6366773438417,80.280658,571,472.5,267,Low,0.0,0.0111111111111111,0.0,0.0459594219027485,0.1048588163027031
103,4,미아사거리,B2,상대식,131.31,117.33,13.98,12.88,,37.613276,127.030083,13.980000000000004,1.0,0,1,0,1,0,0.0,0,2703.547620932004,0.0,1,0.0909090909090909,1546.131,1546.131,0.0,0.5,1.2732395447351628,0.0725388601036269,0.0166830801506717,553.6,24.98107142857143,0,45.57,35.65070725258456,0.0,0.0,79,177,0.0,237,405.6155913978495,0.0,678.6366773438417,80.339894,562,474.5,267,Low,0.0,0.0111111111111111,0.1181818181818182,0.0297406467514328,0.1556861651530029
104,4,길음,B2,섬식,135.62,120.69,14.93,13.83,,37.604087,127.025353,14.930000000000009,1.0,1,0,0,1,0,0.0,0,3435.767956685864,0.0,4,0.3636363636363636,0.0,0.0,0.0,0.0,5.092958178940651,0.1088082901554404,0.0153686498718841,643.89,15.341904761904765,1,137.3,53.47606087887684,0.0,0.0,79,177,0.0,237,405.6155913978495,0.0,678.6366773438417,81.078872,579,472.5,267,Low,0.0,0.0444444444444444,0.0727272727272727,0.0413923133424415,0.1601947043580537
105,4,성신여대입구,B2,상대식,131.18,118.07,13.11,12.01,우이신설선환승,37.592782,127.017338,13.110000000000014,1.0,0,1,1,1,0,0.0,0,2216.429077156394,0.0,1,0.0,0.0,0.0,0.0,0.0,1.2732395447351628,0.077720207253886,0.1517469329363885,-3.72,212.076,28,254.14,38.19718634205488,0.0,0.0,79,177,0.0,237,405.6155913978495,0.0,678.6366773438417,81.22245600000001,563,472.5,267,Low,0.0,0.0444444444444444,0.0,0.0764890467300915,0.1840001778242874
106,4,한성대입구,B2,섬식,140.1,125.2,14.9,13.8,,37.58838,127.006751,14.899999999999991,1.0,1,0,0,1,0,0.0,0,1260.7570507934386,0.0,2,0.0,41.2,20.6,0.0,0.0,2.546479089470325,0.0,0.0,0.0,0.0,0,0.0,0.0,0.0,0.0,79,177,0.0,237,405.6155913978495,0.0,678.6366773438417,79.95,533,472.5,267,Low,0.0,0.0444444444444444,0.0,0.0,0.0162457912457912
107,4,혜화,B2,상대식,128.26,114.28,13.98,12.88,,37.582116,127.001759,13.97999999999999,1.0,0,1,0,1,0,0.25,2,442.66568685188446,2.259041144823586,0,0.0,0.0,0.0,0.0,0.0,0.0,0.3704663212435233,0.1422270327100184,3036.74,41.70027972027973,27,282.59,182.0732548971283,0.0,0.0,79,177,0.0,237,405.6155913978495,0.0,678.6366773438417,81.54262800000001,676,472.5,267,Medium,0.00625,0.0111111111111111,0.0,0.1708977846511805,0.3811559262699083
111,4,명동,B4,섬식,137.46,117.89,19.57,18.47,,37.561055,126.988271,19.570000000000007,1.0,1,0,0,1,0,0.0,0,1094.0739701842197,0.0,11,0.7272727272727273,676.6657958100001,61.515072346363645,0.0,1.0,14.00563499208679,0.61139896373057,0.0526704686799003,2208.31,9.357245762711864,0,39.8,300.4845325574984,0.0,0.0,79,177,0.0,237,405.6155913978495,0.0,678.6366773438417,82.391662,777,476.5,267,Very High,0.0,0.0444444444444444,0.3454545454545454,0.2213564774701567,0.7542690023365036
112,4,회현,B4,섬식,142.0,118.81,23.19,22.09,,37.559698,126.979565,23.19,1.0,1,0,0,1,0,0.0,0,1458.829848730741,0.0,1,0.0,0.0,0.0,0.0,0.0,1.2732395447351628,0.4430051813471503,0.0844111812675916,3176.36,20.696491228070176,12,164.9,217.72396214971283,0.0,0.0,79,177,0.0,237,405.6155913978495,0.0,678.6366773438417,80.65782,704,472.5,267,Medium,0.0,0.0444444444444444,0.0,0.1758054542049139,0.4018191169452049
114,4,숙대입구,B2,상대식,118.14,104.15,13.99,12.89,,37.545124,126.971952,13.989999999999997,1.0,0,1,0,1,0,0.0,0,2730.841025104809,0.0,1,0.0,0.0,0.0,0.0,0.0,1.2732395447351628,0.1450777202072539,0.0127264327373517,533.95,9.528214285714286,0,27.77,71.30141450516912,0.0,0.0,79,177,0.0,237,405.6155913978495,0.0,678.6366773438417,80.05671600000001,589,472.5,267,Low,0.0,0.0111111111111111,0.0,0.0526013843148685,0.1194258475020118
115,4,삼각지,B2,상대식,112.01,99.02,12.99,11.89,6호선환승,37.535057,126.973354,12.990000000000007,1.0,0,1,1,1,0,0.0,0,3292.0719488336795,0.0,2,0.0,0.0,0.0,0.0,0.0,2.546479089470325,0.2435233160621761,0.0499080423527514,1848.32,22.26053191489361,0,51.0,119.6845172051053,0.0,0.0,79,177,0.0,237,405.6155913978495,0.0,678.6366773438417,80.368498,627,472.5,267,Low,0.0,0.0444444444444444,0.0,0.0978104528049758,0.2307618979657951
116,4,신용산,B2,상대식,111.39,98.06,13.33,12.23,,37.52919,126.96858,13.329999999999998,1.0,0,1,0,1,0,0.0,0,3376.8387892255355,0.0,0,0.0,0.0,0.0,0.0,0.0,0.0,0.3601036269430052,0.0946156060630272,3160.84,28.53913669064748,4,206.59,176.98029671818762,0.0,0.0,79,177,0.0,237,405.6155913978495,0.0,678.6366773438417,80.743388,672,472.5,267,Medium,0.0,0.0111111111111111,0.0,0.1515730776686774,0.3364887658802519
117,4,이촌,B2,상대식,114.24,101.38,12.86,11.76,경의중앙선환승,37.522525,126.97335,12.86,1.0,0,1,1,1,0,0.0,0,4206.579260069975,0.0,0,0.0,0.0,0.0,0.0,0.0,0.0,0.1347150259067357,0.0265838813306298,828.25,21.43423076923077,0,63.92,66.20845632622846,0.0,0.0,79,177,0.0,237,405.6155913978495,0.0,678.6366773438417,80.172916,585,472.5,267,Low,0.0,0.0444444444444444,0.0,0.0537663024124552,0.1341650681276532
118,4,동작,고가,상대식,105.43,125.23,-19.8,-20.9,9호선환승,37.503567,126.980171,-19.8,1.0,0,1,1,1,0,0.0,0,5393.867213284339,0.0,1,0.0909090909090909,0.0,0.0,0.0,0.0,1.2732395447351628,0.0,0.0,0.0,0.0,0,0.0,0.0,0.0,0.0,79,177,0.0,237,405.6155913978495,0.0,678.6366773438417,80.2,534,472.5,267,Low,0.0,0.0444444444444444,0.0181818181818181,0.0,0.0295378022650749
119,4,이수,B2,상대식,114.34,99.69,14.65,13.55,7호선환승,37.487521,126.982309,14.650000000000006,1.0,0,1,1,1,0,0.0,0,6407.940612178052,0.0,1,0.0,0.0,0.0,0.0,0.0,1.2732395447351628,0.2279792746113989,0.0996715474619999,2842.59,47.48772727272728,7,168.0,112.04507993669432,0.0,0.0,79,177,0.0,237,405.6155913978495,0.0,678.6366773438417,80.785784,621,472.5,267,Medium,0.0,0.0444444444444444,0.0,0.1092169406911329,0.2557783998070261
121,4,남태령,B3,섬식,156.71,119.5,37.21,36.11,,37.464339,126.989081,37.21000000000001,1.0,1,0,0,1,0,0.0,0,7283.457851542086,0.0,1,0.0909090909090909,0.0,0.0,0.0,0.0,1.2732395447351628,0.0155440414507772,0.0003362995269625,9.34,2.35,0,2.38,7.639437268410976,0.0,0.0,79,177,0.0,237,405.6155913978495,0.0,678.6366773438417,80.20282,540,472.5,267,Low,0.0,0.0444444444444444,0.0181818181818181,0.0052934469925799,0.0411472939647104
122,5,방화,B2,섬식,116.05,104.77,11.28,10.18,,37.577669,126.812822,11.28,1.0,1,0,0,0,1,0.0,0,4683.358394249205,0.0,0,0.0,0.0,0.0,0.0,0.0,0.0,0.0,0.0,0.0,0.0,0,0.0,0.0,0.0,0.0,79,177,0.0,237,405.6155913978495,0.0,678.6366773438417,79.95,533,472.5,267,Low,0.0,0.0111111111111111,0.0,0.0,0.0040614478114478
123,5,개화산,B2,상대식,109.7,101.52,8.18,7.08,,37.572458,126.806838,8.180000000000007,1.0,0,1,0,0,1,0.0,0,4582.250959801322,0.0,0,0.0,0.0,0.0,0.0,0.0,0.0,0.0518134715025906,0.0017995602347036,51.45,3.7725,0,4.0,25.464790894703256,0.0,0.0,79,177,0.0,237,405.6155913978495,0.0,678.6366773438417,79.96509,553,472.5,267,Low,0.0,0.0,0.0,0.0178710105790981,0.0391943754746129
124,5,김포공항,B3,상대식,113.57,93.26,20.31,19.21,"9호선,공항철도,김포골드라인환승",37.56217,126.801273,20.309999999999988,1.0,0,1,1,0,1,0.0,0,4281.238521498617,0.0,0,0.0,0.0,0.0,0.0,0.0,0.0,0.0,0.0,0.0,0.0,0,0.0,0.0,0.0,0.0,79,177,0.0,237,405.6155913978495,0.0,678.6366773438417,79.95,533,472.5,267,Low,0.0,0.0111111111111111,0.0,0.0,0.0040614478114478
125,5,송정,B3,상대식,112.62,89.72,22.9,21.8,,37.561411,126.812052,22.90000000000001,1.0,0,1,0,0,1,0.0,0,3432.45256427123,0.0,2,0.1818181818181818,57.4,28.7,0.0,0.0,2.546479089470325,0.0,0.0,0.0,0.0,0,0.0,0.0,0.0,0.0,79,177,0.0,237,405.6155913978495,0.0,678.6366773438417,80.45,535,472.5,267,Low,0.0,0.0,0.0363636363636363,0.0,0.0265840220385674
126,5,마곡,B2,상대식,106.57,96.11,10.46,9.36,,37.562182,126.82693,10.459999999999994,1.0,0,1,0,0,1,0.0,0,2560.3723236546684,0.0,4,0.3636363636363636,0.0,0.0,0.0,0.0,5.092958178940651,0.0362694300518134,0.0111389081618464,467.02,33.35857142857143,1,112.4,17.82535362629228,0.0,0.0,79,177,0.0,237,405.6155913978495,0.0,678.6366773438417,81.04340400000001,551,472.5,267,Low,0.0,0.0,0.0727272727272727,0.0158027794045532,0.0878264125439393
127,5,발산,B2,상대식,108.92,95.95,12.97,11.87,,37.562182,126.82693,12.97,1.0,0,1,0,0,1,0.0,0,2560.3723236546684,0.0,4,0.3636363636363636,0.0,0.0,0.0,0.0,5.092958178940651,0.0362694300518134,0.0111389081618464,467.02,33.35857142857143,1,112.4,17.82535362629228,0.0,0.0,79,177,0.0,237,405.6155913978495,0.0,678.6366773438417,81.04340400000001,551,472.5,267,Low,0.0,0.0,0.0727272727272727,0.0158027794045532,0.0878264125439393
128,5,우장산,B2,상대식,122.57,108.02,14.55,13.45,,37.548864,126.83633,14.549999999999995,1.0,0,1,0,0,1,0.0,4,888.0897007695913,0.0,0,0.0,0.0,0.0,0.0,0.0,0.0,0.0621761658031088,0.0120597964409969,505.63,21.067916666666665,1,101.9,30.557749073643905,0.0,0.0,79,177,0.0,237,405.6155913978495,0.0,678.6366773438417,80.051126,557,472.5,267,Low,0.0,0.0,0.0,0.0247453207480352,0.0542709875496682
129,5,화곡,B3,섬식,125.12,105.12,20.0,18.9,,37.541585,126.840436,20.0,1.0,1,0,0,0,1,1.0,4,328.3483226646135,12.18218496607257,0,0.0,0.0,0.0,0.0,0.0,0.0,0.0103626943005181,0.006463629206159,271.0,67.75,1,101.9,5.092958178940651,0.0,0.0,79,177,0.0,237,405.6155913978495,0.0,678.6366773438417,81.6042,537,472.5,267,Low,0.1,0.0111111111111111,0.0,0.0056087745022257,0.0529155403750413
131,5,신정,B5,상대식,123.71,97.54,26.17,25.07,,37.525001,126.856176,26.169999999999987,1.0,0,1,0,0,1,0.0,0,2315.360942926651,0.0,4,0.0,0.0,0.0,0.0,0.0,5.092958178940651,0.0,0.0,0.0,0.0,0,0.0,0.0,0.0,0.0,79,177,0.0,237,405.6155913978495,0.0,678.6366773438417,79.95,533,472.5,267,Low,0.0,0.0,0.0,0.0,0.0
132,5,목동,B2,상대식,108.61,93.72,14.89,13.79,,37.526088,126.864296,14.89,1.0,0,1,0,0,1,0.0,0,2561.3404896208685,0.0,4,0.0,0.0,0.0,0.0,0.0,5.092958178940651,0.0595854922279792,0.0661441541959567,2521.2200000000003,120.57478260869566,23,226.3,29.284509528908742,0.0,0.0,79,177,0.0,237,405.6155913978495,0.0,678.6366773438417,80.504644,556,472.5,267,Low,0.0,0.0,0.0,0.041909882141312,0.0919159915144683
133,5,오목교,B3,상대식,107.83,86.1,21.73,20.63,,37.524557,126.875049,21.730000000000004,1.0,0,1,0,0,1,0.0,0,2756.769418784747,0.0,3,0.0,49.8,16.599999999999998,0.0,0.0,3.819718634205488,0.3678756476683938,1.0,40985.38,295.2599295774648,76,4328.0,180.8000153523931,0.0,0.0,79,177,0.0,237,405.6155913978495,0.0,678.6366773438417,88.33538200000001,675,472.5,267,Very High,0.0,0.0,0.0,0.4559585492227979,1.0
134,5,양평,B5,상대식,107.91,74.33,33.58,32.48,,37.525614,126.886177,33.58,1.0,0,1,0,0,1,0.0,0,3446.845228241142,0.0,1,0.0909090909090909,899.66192,899.66192,0.0,0.5,1.2732395447351628,0.0310880829015544,0.0069113130445339,289.77,24.1475,0,46.0,15.278874536821952,0.0,0.0,79,177,0.0,237,405.6155913978495,0.0,678.6366773438417,80.257954,546,474.5,267,Low,0.0,0.0,0.1181818181818182,0.0126664653153627,0.1141779330556286
136,5,영등포시장,B6,상대식,109.4,72.52,36.88,35.78,,37.52276,126.905143,36.88000000000001,1.0,0,1,0,0,1,0.0,0,3618.620676569392,0.0,0,0.0,0.0,0.0,0.0,0.0,0.0,0.0699481865284974,0.044542514580731,1763.03,69.16777777777777,4,428.33,34.37746770784939,0.0,0.0,79,177,0.0,237,405.6155913978495,0.0,678.6366773438417,80.32350600000001,560,472.5,267,Low,0.0,0.0,0.0,0.0381635670364094,0.0836996413412163
137,5,신길,B4,상대식,108.9,88.2,20.7,19.6,1호선환승,37.51763,126.914886,20.700000000000003,1.0,0,1,1,0,1,0.0,0,3706.408936312369,0.0,1,0.0909090909090909,104.2,104.2,0.0,0.5,1.2732395447351628,0.0466321243523316,0.0248477648364737,1034.79,57.87722222222222,5,149.17,22.91831180523293,0.0,0.0,79,177,0.0,237,405.6155913978495,0.0,678.6366773438417,80.408358,552,474.5,267,Low,0.0,0.0111111111111111,0.1181818181818182,0.0238266297296017,0.1427156505483051
138,5,여의도,B4,상대식,113.5,84.62,28.88,27.78,9호선환승,37.521578,126.924318,28.879999999999995,1.0,0,1,1,0,1,0.0,0,3618.496278368437,0.0,0,0.0,0.0,0.0,0.0,0.0,0.0,0.2020725388601036,0.1718201985312058,5768.89,92.35756410256413,29,471.0,99.31268448934269,0.0,0.0,79,177,0.0,237,405.6155913978495,0.0,678.6366773438417,81.390778,611,472.5,267,Medium,0.0,0.0111111111111111,0.0,0.1246309124637698,0.2773996990103975
139,5,여의나루,B5,섬식,111.0,73.92,37.08,35.98,,37.527145,126.932807,37.08,1.0,1,0,0,0,1,0.0,0,2768.4969692654736,0.0,1,0.0,0.0,0.0,0.0,0.0,1.2732395447351628,0.038860103626943,0.0318430335075969,1039.08,89.00533333333333,4,385.45,19.09859317102744,0.0,0.0,79,177,0.0,237,405.6155913978495,0.0,678.6366773438417,80.217016,548,472.5,267,Low,0.0,0.0111111111111111,0.0,0.0235677123781799,0.0557497260954107
140,5,마포,B5,섬식,109.56,78.65,30.91,29.81,,37.539718,126.946043,30.91,1.0,1,0,0,0,1,0.0,0,1303.949409530658,0.0,2,0.0,0.0,0.0,0.0,0.0,2.546479089470325,0.1528497409326425,0.0332008726614959,1392.01,23.593389830508475,0,47.47,75.1211331393746,0.0,0.0,79,177,0.0,237,405.6155913978495,0.0,678.6366773438417,80.228402,592,472.5,267,Low,0.0,0.0111111111111111,0.0,0.0620168711980461,0.1400757221435263
141,5,공덕,B3,섬식,112.46,91.07,21.39,20.29,"6호선,경의중앙선,공항철도환승",37.544005,126.951058,21.39,1.0,1,0,1,0,1,0.0,0,1118.9478921138884,0.0,0,0.0,0.0,0.0,0.0,0.0,0.0,0.6243523316062176,0.0927294665884034,3628.21,16.132199170124483,0,54.13,306.8507302811742,0.0,0.0,79,177,0.0,237,405.6155913978495,0.0,678.6366773438417,80.72757200000001,774,472.5,267,High,0.0,0.0444444444444444,0.0,0.2390272660648737,0.5404760452289803
142,5,애오개,B4,상대식,121.69,96.09,25.6,24.5,,37.553592,126.956733,25.599999999999994,1.0,0,1,0,0,1,0.0,0,1337.9387322163489,0.0,0,0.0,0.0,0.0,0.0,0.0,0.0,0.3756476683937824,0.0586649481204314,2459.64,16.96303448275862,0,92.41,184.6197339865986,0.0,0.0,79,177,0.0,237,405.6155913978495,0.0,678.6366773438417,80.441928,678,472.5,267,Medium,0.0,0.0,0.0,0.1447708721714046,0.3175088446486488
144,5,서대문,B4,섬식,135.3,109.77,25.53,24.43,,37.565812,126.966639,25.53000000000001,1.0,1,0,0,0,1,0.0,0,1840.023184358084,0.0,2,0.1818181818181818,108.3,54.15,0.0,0.5,2.546479089470325,0.1398963730569948,0.0306776721680658,590.86,23.81888888888889,0,55.15,68.75493541569878,0.0,0.0,79,177,0.0,237,405.6155913978495,0.0,678.6366773438417,80.707244,589,474.5,267,Low,0.0,0.0111111111111111,0.1363636363636363,0.0568580150750202,0.228451495336518
145,5,광화문,B4,섬식,131.19,105.69,25.5,24.4,,37.570545,126.976568,25.5,1.0,1,0,0,0,1,0.0,3,817.6141853585303,0.0,9,0.5454545454545454,45.400000000000006,5.044444444444445,0.0,0.0,11.459155902616464,0.727979274611399,0.2228506703689825,5177.25,33.25067615658363,27,531.24,357.78031207058075,0.0,0.0,79,177,0.0,237,405.6155913978495,0.0,678.6366773438417,83.31868800000001,820,472.5,267,Very High,0.0,0.0111111111111111,0.109090909090909,0.3169433149934605,0.7789278297650808
149,5,청구,B4,섬식,125.41,101.44,23.97,22.87,6호선환승,37.560237,127.01379,23.97,1.0,1,0,1,0,1,0.0,0,1726.3742360221886,0.0,1,0.0,0.0,0.0,0.0,0.0,1.2732395447351628,0.0,0.0,0.0,0.0,0,0.0,0.0,0.0,0.0,79,177,0.0,237,405.6155913978495,0.0,678.6366773438417,79.95,533,472.5,267,Low,0.0,0.0444444444444444,0.0,0.0,0.0162457912457912
150,5,신금호,B8,섬식,159.03,115.77,43.26,42.16,,37.554504,127.020403,43.260000000000005,1.0,1,0,0,0,1,0.0,0,1401.985234934497,0.0,0,0.0,0.0,0.0,0.0,0.0,0.0,0.0103626943005181,0.0002666545185419,11.18,2.795,0,5.15,5.092958178940651,0.0,0.0,79,177,0.0,237,405.6155913978495,0.0,678.6366773438417,79.952236,537,472.5,267,Low,0.0,0.0111111111111111,0.0,0.00354311627302,0.0118321460011394
151,5,행당,B5,상대식,124.99,96.86,28.13,27.03,,37.557297,127.029482,28.129999999999995,1.0,0,1,0,0,1,0.0,2,553.4611886433389,0.0,0,0.0,0.0,0.0,0.0,0.0,0.0,0.0880829015544041,0.0128294691881657,537.9,15.820588235294116,0,25.0,43.29014452099553,0.0,0.0,79,177,0.0,237,405.6155913978495,0.0,678.6366773438417,80.05758,567,472.5,267,Low,0.0,0.0,0.0,0.0336374569141899,0.0737730589140757
153,5,마장,B3,상대식,113.93,95.75,18.18,17.08,,37.566066,127.042921,18.180000000000007,1.0,0,1,0,0,1,0.0,1,922.5544022661924,0.0,0,0.0,0.0,0.0,0.0,0.0,0.0,0.0,0.0,0.0,0.0,0,0.0,0.0,0.0,0.0,79,177,0.0,237,405.6155913978495,0.0,678.6366773438417,79.95,533,472.5,267,Low,0.0,0.0,0.0,0.0,0.0
154,5,답십리,B3,상대식,112.14,91.44,20.7,19.6,,37.566833,127.05266,20.700000000000003,1.0,0,1,0,0,1,0.0,0,1773.1555863507626,0.0,1,0.0,0.0,0.0,0.0,0.0,1.2732395447351628,0.0103626943005181,6.201267873067678e-06,0.26,0.065,0,0.13,5.092958178940651,0.0,0.0,79,177,0.0,237,405.6155913978495,0.0,678.6366773438417,79.950052,537,472.5,267,Low,0.0,0.0,0.0,0.003456298522797,0.0075802910784072
155,5,장한평,B3,섬식,112.75,90.26,22.49,21.39,,37.561438,127.064601,22.489999999999995,1.0,1,0,0,0,1,0.0,0,2583.885129813815,0.0,1,0.0,0.0,0.0,0.0,0.0,1.2732395447351628,0.2176165803108808,0.0991854634648725,3857.62,49.50642857142857,16,175.0,106.95212175775367,0.0,0.0,79,177,0.0,237,405.6155913978495,0.0,678.6366773438417,80.78170800000001,617,472.5,267,Low,0.0,0.0111111111111111,0.0,0.1056006812585844,0.2356629419353887
156,5,군자,B2,섬식,116.3,101.96,14.34,13.24,7호선환승,37.557102,127.079559,14.340000000000003,1.0,1,0,1,0,1,0.0,0,3875.236297830117,0.0,0,0.0,0.0,0.0,0.0,0.0,0.0,0.0,0.0,0.0,0.0,0,0.0,0.0,0.0,0.0,79,177,0.0,237,405.6155913978495,0.0,678.6366773438417,79.95,533,472.5,267,Low,0.0,0.0444444444444444,0.0,0.0,0.0162457912457912
157,5,아차산,B3,상대식,135.39,113.96,21.43,20.33,,37.552005,127.089609,21.43,1.0,0,1,0,0,1,0.0,0,4707.506956796856,0.0,2,0.1818181818181818,0.0,0.0,0.0,0.0,2.546479089470325,0.0,0.0,0.0,0.0,0,0.0,0.0,0.0,0.0,79,177,0.0,237,405.6155913978495,0.0,678.6366773438417,80.45,535,472.5,267,Low,0.0,0.0,0.0363636363636363,0.0,0.0265840220385674
158,5,광나루,B3,상대식,119.92,99.7,20.22,19.12,,37.545301,127.103478,20.22,1.0,0,1,0,0,1,0.0,0,5841.1686123076015,0.0,0,0.0,0.0,0.0,0.0,0.0,0.0,0.0,0.0,0.0,0.0,0,0.0,0.0,0.0,0.0,79,177,0.0,237,405.6155913978495,0.0,678.6366773438417,79.95,533,472.5,267,Low,0.0,0.0,0.0,0.0,0.0
159,5,천호,B3,상대식,117.0,96.0,21.0,19.9,8호선환승,37.538566,127.123539,21.0,1.0,0,1,1,0,1,0.0,0,7630.616754904719,0.0,0,0.0,0.0,0.0,0.0,0.0,0.0,0.1658031088082901,0.1269356601762448,4155.73,83.15656249999999,19,194.21,81.48733086305042,0.0,0.0,79,177,0.0,237,405.6155913978495,0.0,678.6366773438417,81.014404,597,472.5,267,Low,0.0,0.0111111111111111,0.0,0.0975795896615116,0.2180712296827177
160,5,강동,B3,섬식(복합),122.5,99.18,23.32,22.22,둔촌~마천환승,37.53581,127.13249,23.32,1.0,0,0,1,0,1,0.0,0,8445.39695326143,0.0,2,0.0909090909090909,18.6,9.3,0.0,0.0,2.546479089470325,0.0103626943005181,0.0113185064198625,474.55,118.6375,2,194.21,5.092958178940651,0.0,0.0,79,177,0.0,237,405.6155913978495,0.0,678.6366773438417,80.29491,538,472.5,267,Low,0.0,0.0111111111111111,0.0181818181818181,0.0072270669067935,0.0332037305694947
161,5,길동,B3,상대식,119.1,96.83,22.27,21.17,,37.538022,127.140085,22.27,1.0,0,1,0,0,1,0.0,0,9093.608382618142,0.0,0,0.0,0.0,0.0,0.0,0.0,0.0,0.0129533678756476,0.0035955428148652,150.75,30.15,0,53.6,6.366197723675814,0.0,0.0,79,177,0.0,237,405.6155913978495,0.0,678.6366773438417,79.98015000000001,538,472.5,267,Low,0.0,0.0,0.0,0.0055163035635042,0.0120982566790491
162,5,굽은다리,B2,상대식,121.14,105.72,15.42,14.32,,37.545442,127.142844,15.420000000000002,1.0,0,1,0,0,1,0.0,0,9319.125029894336,0.0,0,0.0,0.0,0.0,0.0,0.0,0.0,0.0,0.0,0.0,0.0,0,0.0,0.0,0.0,0.0,79,177,0.0,237,405.6155913978495,0.0,678.6366773438417,79.95,533,472.5,267,Low,0.0,0.0,0.0,0.0,0.0
163,5,명일,B2,상대식,132.57,116.31,16.26,15.16,,37.551317,127.144002,16.25999999999999,1.0,0,1,0,0,1,0.0,0,9458.473098994147,0.0,0,0.0,0.0,0.0,0.0,0.0,0.0,0.0,0.0,0.0,0.0,0,0.0,0.0,0.0,0.0,79,177,0.0,237,405.6155913978495,0.0,678.6366773438417,79.95,533,472.5,267,Low,0.0,0.0,0.0,0.0,0.0
164,5,고덕,B2,상대식,132.53,114.95,17.58,16.48,,37.555002,127.154214,17.58,1.0,0,1,0,0,1,0.0,0,10399.424682664943,0.0,0,0.0,0.0,0.0,0.0,0.0,0.0,0.0492227979274611,0.0266368306178537,1116.8,58.77894736842105,6,111.5,24.19155134996809,0.0,0.0,79,177,0.0,237,405.6155913978495,0.0,678.6366773438417,80.17336,552,472.5,267,Low,0.0,0.0,0.0,0.0252865428484383,0.0554579860198703
165,5,상일동,B2,섬식(복합),121.72,107.71,14.01,12.91,,37.556714,127.166381,14.010000000000003,1.0,0,0,0,0,1,0.0,0,11489.79330862045,0.0,1,0.0,0.0,0.0,0.0,0.0,1.2732395447351628,0.0466321243523316,0.014072584886413,590.02,32.778888888888886,0,87.0,22.91831180523293,0.0,0.0,79,177,0.0,237,405.6155913978495,0.0,678.6366773438417,80.068004,551,472.5,267,Low,0.0,0.0,0.0,0.0202349030795815,0.0443788215268095
166,5,둔촌동,B2,상대식,117.97,100.23,17.74,16.64,,37.527787,127.136219,17.739999999999995,1.0,0,1,0,0,1,0.0,0,8904.63439109385,0.0,0,0.0,0.0,0.0,0.0,0.0,0.0,0.0,0.0,0.0,0.0,0,0.0,0.0,0.0,0.0,79,177,0.0,237,405.6155913978495,0.0,678.6366773438417,79.95,533,472.5,267,Low,0.0,0.0,0.0,0.0,0.0
167,5,올림픽공원,B3,상대식,119.76,100.85,18.91,17.81,9호선환승,37.516217,127.130957,18.91000000000001,1.0,0,1,1,0,1,0.0,0,8804.829345826096,0.0,0,0.0,0.0,0.0,0.0,0.0,0.0,0.0,0.0,0.0,0.0,0,0.0,0.0,0.0,0.0,79,177,0.0,237,405.6155913978495,0.0,678.6366773438417,79.95,533,472.5,267,Low,0.0,0.0111111111111111,0.0,0.0,0.0040614478114478
168,5,방이,B2,상대식,120.44,105.27,15.17,14.07,,37.508752,127.126054,15.170000000000002,1.0,0,1,0,0,1,0.0,0,8700.487518486254,0.0,0,0.0,0.0,0.0,0.0,0.0,0.0,0.0647668393782383,0.0201462497474772,747.99,33.7868,0,49.59,31.830988618379067,0.0,0.0,79,177,0.0,237,405.6155913978495,0.0,678.6366773438417,80.118934,558,472.5,267,Low,0.0,0.0,0.0,0.0283043630419051,0.0620766143987238
170,5,개롱,B2,상대식,129.21,113.69,15.52,14.42,,37.498097,127.134817,15.52000000000001,1.0,0,1,0,0,1,0.0,0,9811.790522255063,0.0,0,0.0,0.0,0.0,0.0,0.0,0.0,0.0103626943005181,9.540412112411812e-07,0.04,0.01,0,0.03,5.092958178940651,0.0,0.0,79,177,0.0,237,405.6155913978495,0.0,678.6366773438417,79.950008,537,472.5,267,Low,0.0,0.0,0.0,0.0034545494472431,0.0075764550377036
171,5,거여,B3,상대식,133.47,115.15,18.32,17.22,,37.493208,127.143983,18.32,1.0,0,1,0,0,1,0.0,0,10765.877452371678,0.0,0,0.0,0.0,0.0,0.0,0.0,0.0,0.0621761658031088,0.0111823170369578,469.04,19.535,0,42.68,30.557749073643905,0.0,0.0,79,177,0.0,237,405.6155913978495,0.0,678.6366773438417,80.043768,557,472.5,267,Low,0.0,0.0,0.0,0.0244528276133555,0.0536294969247457
172,5,마천,B4,상대식,144.84,117.61,27.23,26.13,,37.494972,127.152784,27.230000000000004,1.0,0,1,0,0,1,0.0,0,11421.186559616535,0.0,0,0.0,0.0,0.0,0.0,0.0,0.0,0.0,0.0,0.0,0.0,0,0.0,0.0,0.0,0.0,79,177,0.0,237,405.6155913978495,0.0,678.6366773438417,79.95,533,472.5,267,Low,0.0,0.0,0.0,0.0,0.0
173,5,강일,B2,상대식,125.57,106.87,18.7,17.6,,37.557521,127.176018,18.69999999999999,1.0,0,1,0,0,1,0.0,0,12238.761309117675,0.0,0,0.0,0.0,0.0,0.0,0.0,0.0,0.0,0.0,0.0,0.0,0,0.0,0.0,0.0,0.0,79,177,0.0,237,405.6155913978495,0.0,678.6366773438417,79.95,533,472.5,267,Low,0.0,0.0,0.0,0.0,0.0
174,5,미사,B2,상대식,121.91,105.91,16.0,14.9,,37.56329,127.192954,16.0,1.0,0,1,0,0,1,0.0,0,13208.050209200175,0.0,0,0.0,0.0,0.0,0.0,0.0,0.0,0.0,0.0,0.0,0.0,0,0.0,0.0,0.0,0.0,79,177,0.0,237,405.6155913978495,0.0,678.6366773438417,79.95,533,472.5,267,Low,0.0,0.0,0.0,0.0,0.0
175,5,하남풍산,B2,상대식,124.41,106.79,17.62,16.52,,37.552201,127.203897,17.61999999999999,1.0,0,1,0,0,1,0.0,0,14647.198872253157,0.0,0,0.0,0.0,0.0,0.0,0.0,0.0,0.0,0.0,0.0,0.0,0,0.0,0.0,0.0,0.0,79,177,0.0,237,405.6155913978495,0.0,678.6366773438417,79.95,533,472.5,267,Low,0.0,0.0,0.0,0.0,0.0
176,5,하남시청,B2,상대식,126.19,105.69,20.5,19.4,,37.541723,127.206901,20.5,1.0,0,1,0,0,1,0.0,0,14979.208788472975,0.0,0,0.0,0.0,0.0,0.0,0.0,0.0,0.0,0.0,0.0,0.0,0,0.0,0.0,0.0,0.0,79,177,0.0,237,405.6155913978495,0.0,678.6366773438417,79.95,533,472.5,267,Low,0.0,0.0,0.0,0.0,0.0
177,5,하남검단산,B2,상대식,122.93,96.54,26.39,25.29,,37.539729,127.223427,26.39,1.0,0,1,0,0,1,0.0,0,16443.94384084084,0.0,0,0.0,0.0,0.0,0.0,0.0,0.0,0.0,0.0,0.0,0.0,0,0.0,0.0,0.0,0.0,79,177,0.0,237,405.6155913978495,0.0,678.6366773438417,79.95,533,472.5,267,Low,0.0,0.0,0.0,0.0,0.0
178,6,응암,B3,섬식,117.58,98.57,19.01,17.91,,37.59859,126.915583,19.010000000000005,1.0,1,0,0,0,1,0.0,0,4035.899262830294,0.0,4,0.0909090909090909,8.2,2.05,0.0,0.0,5.092958178940651,0.0336787564766839,0.0117521181503716,59.4,37.902307692307694,4,108.0,16.552114081557114,0.0,0.0,79,177,0.0,237,405.6155913978495,0.0,678.6366773438417,80.298546,547,472.5,267,Low,0.0,0.0111111111111111,0.0181818181818181,0.0151436248756852,0.0505661815694502
179,6,역촌,B4,상대식,121.97,93.83,28.14,27.04,,37.60605,126.922764,28.14,1.0,0,1,0,0,1,0.0,0,4815.871022768418,0.0,3,0.0,0.0,0.0,0.0,0.0,3.819718634205488,0.0,0.0,0.0,0.0,0,0.0,0.0,0.0,0.0,79,177,0.0,237,405.6155913978495,0.0,678.6366773438417,79.95,533,472.5,267,Low,0.0,0.0,0.0,0.0,0.0
181,6,독바위,B6,상대식,138.67,100.73,37.94,36.84,,37.618413,126.933035,37.93999999999998,1.0,0,1,0,0,1,0.0,0,5249.7887138511815,0.0,2,0.0,0.0,0.0,0.0,0.0,2.546479089470325,0.0,0.0,0.0,0.0,0,0.0,0.0,0.0,0.0,79,177,0.0,237,405.6155913978495,0.0,678.6366773438417,79.95,533,472.5,267,Low,0.0,0.0,0.0,0.0,0.0
183,6,구산,B4,상대식,121.11,94.59,26.52,25.42,,37.611223,126.917246,26.52,1.0,0,1,0,0,1,0.0,0,5410.785020154097,0.0,3,0.1818181818181818,0.0,0.0,0.0,0.0,3.819718634205488,0.0,0.0,0.0,0.0,0,0.0,0.0,0.0,0.0,79,177,0.0,237,405.6155913978495,0.0,678.6366773438417,80.45,535,472.5,267,Low,0.0,0.0,0.0363636363636363,0.0,0.0265840220385674
184,6,새절,B2,섬식,115.83,100.39,15.44,14.34,,37.591148,126.913613,15.439999999999998,1.0,1,0,0,0,1,0.0,0,3260.261370751265,0.0,1,0.0909090909090909,0.0,0.0,0.0,0.0,1.2732395447351628,0.0,0.0,0.0,0.0,0,0.0,0.0,0.0,0.0,79,177,0.0,237,405.6155913978495,0.0,678.6366773438417,80.2,534,472.5,267,Low,0.0,0.0111111111111111,0.0181818181818181,0.0,0.0173534588307315
185,6,증산,B2,상대식,114.89,99.13,15.76,14.66,,37.583989,126.909785,15.760000000000003,1.0,0,1,0,0,1,0.0,0,2624.48987724257,0.0,1,0.0,0.0,0.0,0.0,0.0,1.2732395447351628,0.0,0.0,0.0,0.0,0,0.0,0.0,0.0,0.0,79,177,0.0,237,405.6155913978495,0.0,678.6366773438417,79.95,533,472.5,267,Low,0.0,0.0,0.0,0.0,0.0
186,6,디지털미디어시티,B2,상대식,114.0,101.33,12.67,11.57,"경의중앙선,공항철도환승",37.577005,126.898643,12.670000000000002,1.0,0,1,1,0,1,0.0,0,2649.2155073171857,0.0,0,0.0,0.0,0.0,0.0,0.0,0.0,0.1139896373056994,0.1069112891935036,4370.46,101.87409090909092,20,246.1,56.02253996834716,0.0,0.0,79,177,0.0,237,405.6155913978495,0.0,678.6366773438417,80.846492,577,472.5,267,Low,0.0,0.0111111111111111,0.0,0.073633642166401,0.1655534130173046
187,6,월드컵경기장,B2,상대식,113.78,96.48,17.3,16.2,,37.569439,126.899077,17.299999999999997,1.0,0,1,0,0,1,0.0,0,2211.110874202265,0.0,1,0.0909090909090909,0.0,0.0,0.0,0.0,1.2732395447351628,0.0129533678756476,0.001721090345079,72.16,14.432,0,32.77,6.366197723675814,0.0,0.0,79,177,0.0,237,405.6155913978495,0.0,678.6366773438417,80.214432,539,472.5,267,Low,0.0,0.0,0.0181818181818181,0.0048914860735755,0.0240199293397393
188,6,마포구청,B3,상대식,115.84,94.68,21.16,20.06,,37.563535,126.903326,21.16,1.0,0,1,0,0,1,0.0,0,1706.59082086869,0.0,1,0.0909090909090909,0.0,0.0,0.0,0.0,1.2732395447351628,0.4300518134715026,0.1123350134794097,4704.46,28.372650602409635,1,200.05,211.35776442603705,0.0,0.0,79,177,0.0,237,405.6155913978495,0.0,678.6366773438417,81.14197200000001,700,472.5,267,Medium,0.0,0.0,0.0181818181818181,0.1807956089836374,0.4098096534493068
189,6,망원,B2,상대식,109.49,94.64,14.85,13.75,,37.556031,126.910129,14.849999999999994,1.0,0,1,0,0,1,0.0,0,1325.6911796073346,0.0,0,0.0,0.0,0.0,0.0,0.0,0.0,0.0699481865284974,0.0032480333036706,136.18,5.043703703703704,0,14.14,34.37746770784939,0.0,0.0,79,177,0.0,237,405.6155913978495,0.0,678.6366773438417,79.977236,560,472.5,267,Low,0.0,0.0,0.0,0.024398739944056,0.0535108728318501
191,6,상수,B3,섬식,118.28,95.65,22.63,21.53,,37.547704,126.92292,22.629999999999995,1.0,1,0,0,0,1,0.0,0,1660.107153345372,0.0,0,0.0,0.0,0.0,0.0,0.0,0.0,0.0932642487046632,0.0046318700805759,194.2,5.394444444444444,0,9.08,45.83662361046586,0.0,0.0,79,177,0.0,237,405.6155913978495,0.0,678.6366773438417,79.98884,569,472.5,267,Low,0.0,0.0111111111111111,0.0,0.0326320395950797,0.0756294437415658
192,6,광흥창,B3,섬식,113.67,91.35,22.32,21.22,,37.547464,126.931971,22.320000000000007,1.0,1,0,0,0,1,0.0,1,964.9722358581644,0.0,1,0.0909090909090909,71.6,71.6,0.0,0.0,1.2732395447351628,0.077720207253886,0.0168953543201728,708.37,23.61233333333333,1,276.89,38.19718634205488,0.0,0.0,79,177,0.0,237,405.6155913978495,0.0,678.6366773438417,80.341674,564,472.5,267,Low,0.0,0.0111111111111111,0.0181818181818181,0.0315385205246863,0.0865231686178276
193,6,대흥,B3,섬식,114.97,94.1,20.87,19.77,,37.547732,126.942214,20.870000000000005,1.0,1,0,0,0,1,0.25,1,363.9647319516896,2.7475189550308787,3,0.0909090909090909,0.0,0.0,0.0,0.0,3.819718634205488,0.1062176165803108,0.025071248990207,1051.16,25.638048780487807,2,101.38,52.20282133414168,0.0,0.0,79,177,0.0,237,405.6155913978495,0.0,678.6366773438417,80.810232,575,472.5,267,Low,0.00625,0.0111111111111111,0.0181818181818181,0.0437629551901726,0.1156181408576632
195,6,효창공원앞,B3,섬식,113.28,92.85,20.43,19.33,경의중앙선환승,37.539279,126.961348,20.430000000000007,1.0,1,0,1,0,1,0.0,0,2152.624306392893,0.0,0,0.0,0.0,0.0,0.0,0.0,0.0,0.0129533678756476,0.0010716267905266,44.93,8.986,0,9.25,6.366197723675814,0.0,0.0,79,177,0.0,237,405.6155913978495,0.0,678.6366773438417,79.958986,538,472.5,267,Low,0.0,0.0444444444444444,0.0,0.0046749982220581,0.0264989123464414
197,6,녹사평,B5,섬식,141.03,106.81,34.22,33.12,,37.53469,126.98665,34.22,1.0,1,0,0,0,1,0.0,0,3983.0799330066247,0.0,0,0.0,0.0,0.0,0.0,0.0,0.0,0.0,0.0,0.0,0.0,0,0.0,0.0,0.0,0.0,79,177,0.0,237,405.6155913978495,0.0,678.6366773438417,79.95,533,472.5,267,Low,0.0,0.0111111111111111,0.0,0.0,0.0040614478114478
198,6,이태원,B5,섬식,152.52,117.87,34.65,33.55,,37.534485,126.994369,34.650000000000006,1.0,1,0,0,0,1,0.0,0,3304.275308362794,0.0,2,0.1818181818181818,0.0,0.0,0.0,0.0,2.546479089470325,0.0958549222797927,0.0139411657095645,584.51,15.797567567567569,1,126.02,47.10986315520102,0.0,0.0,79,177,0.0,237,405.6155913978495,0.0,678.6366773438417,80.566902,572,472.5,267,Low,0.0,0.0111111111111111,0.0363636363636363,0.0365986959964524,0.1109130644785985
199,6,한강진,B5,상대식,147.18,120.4,26.78,25.68,,37.53956,127.001729,26.78,1.0,0,1,0,0,1,0.0,0,2821.814294452207,0.0,1,0.0909090909090909,0.0,0.0,0.0,0.0,1.2732395447351628,0.0103626943005181,0.0094779224130755,397.38,99.345,1,384.05,5.092958178940651,0.0,0.0,79,177,0.0,237,405.6155913978495,0.0,678.6366773438417,80.279476,538,472.5,267,Low,0.0,0.0,0.0181818181818181,0.0066135389045312,0.0277967042985397
200,6,버티고개,B5,상대식,168.27,122.52,45.75,44.65,,37.547933,127.006948,45.750000000000014,1.0,0,1,0,0,1,0.0,0,2737.4348214912097,0.0,0,0.0,0.0,0.0,0.0,0.0,0.0,0.0,0.0,0.0,0.0,0,0.0,0.0,0.0,0.0,79,177,0.0,237,405.6155913978495,0.0,678.6366773438417,79.95,533,472.5,267,Low,0.0,0.0,0.0,0.0,0.0
205,6,창신,B4,섬식,136.0,109.45,26.55,25.45,,37.579772,127.015246,26.55,1.0,1,0,0,0,1,0.0,0,1305.4303863319371,0.0,1,0.0909090909090909,0.0,0.0,0.0,0.0,1.2732395447351628,0.0,0.0,0.0,0.0,0,0.0,0.0,0.0,0.0,79,177,0.0,237,405.6155913978495,0.0,678.6366773438417,80.2,534,472.5,267,Low,0.0,0.0111111111111111,0.0181818181818181,0.0,0.0173534588307315
206,6,보문,B3,섬식,124.45,107.44,17.01,15.91,우이신설선환승,37.585293,127.019377,17.010000000000005,1.0,1,0,1,0,1,0.0,0,1880.8864368095312,0.0,0,0.0,0.0,0.0,0.0,0.0,0.0,0.0129533678756476,0.0128795563517559,0.0,108.0,5,108.0,6.366197723675814,0.0,0.0,79,177,0.0,237,405.6155913978495,0.0,678.6366773438417,80.058,538,472.5,267,Low,0.0,0.0444444444444444,0.0,0.0086109747424678,0.0351312244877946
207,6,안암,B3,상대식,127.61,107.48,20.13,19.03,,37.586261,127.02903,20.129999999999995,1.0,0,1,0,0,1,0.0,0,2582.557835911565,0.0,2,0.0,29.2938342,14.6469171,0.0,0.0,2.546479089470325,0.0259067357512953,0.0036728201529757,153.99,15.399,0,27.46,12.732395447351628,0.0,0.0,79,177,0.0,237,405.6155913978495,0.0,678.6366773438417,79.98079800000001,543,472.5,267,Low,0.0,0.0,0.0,0.0098598519680903,0.0216244480663799
208,6,고려대,B4,상대식,125.24,94.25,30.99,29.89,,37.59034,127.03626,30.989999999999995,1.0,0,1,0,0,1,0.0,0,3022.8416852225287,0.0,4,0.3636363636363636,0.0,0.0,0.0,0.0,5.092958178940651,0.0155440414507772,0.0178982901434901,750.42,125.07,1,609.76,7.639437268410976,0.0,0.0,79,177,0.0,237,405.6155913978495,0.0,678.6366773438417,81.10008400000001,543,472.5,267,Low,0.0,0.0,0.0727272727272727,0.0111474438647557,0.0776164152805198
209,6,월곡,B3,상대식,125.62,104.51,21.11,20.01,,37.60192,127.041492,21.11,1.0,0,1,0,0,1,0.0,0,2425.6082264834745,0.0,2,0.1818181818181818,208.0925,104.04625,0.0,0.5,2.546479089470325,0.0155440414507772,0.0042454833900232,0.0,29.666666666666668,0,30.0,7.639437268410976,0.0,0.0,79,177,0.0,237,405.6155913978495,0.0,678.6366773438417,80.4856,541,474.5,267,Low,0.0,0.0,0.1363636363636363,0.0065965082802668,0.1141574246683951
210,6,상월곡,B3,섬식,129.94,111.39,18.55,17.45,,37.606392,127.048509,18.55,1.0,1,0,0,0,1,0.0,0,1644.8802288981751,0.0,0,0.0,0.0,0.0,0.0,0.0,0.0,0.0,0.0,0.0,0.0,0,0.0,0.0,0.0,0.0,79,177,0.0,237,405.6155913978495,0.0,678.6366773438417,79.95,533,472.5,267,Low,0.0,0.0111111111111111,0.0,0.0,0.0040614478114478
211,6,돌곶이,B2,상대식,118.73,101.87,16.86,15.76,,37.610522,127.056419,16.86,1.0,0,1,0,0,1,0.0,1,889.7948565672882,0.0,1,0.0,0.0,0.0,0.0,0.0,1.2732395447351628,0.0,0.0,0.0,0.0,0,0.0,0.0,0.0,0.0,79,177,0.0,237,405.6155913978495,0.0,678.6366773438417,79.95,533,472.5,267,Low,0.0,0.0,0.0,0.0,0.0
212,6,석계,B3,상대식,119.68,100.01,19.67,18.57,국철환승,37.614937,127.065922,19.67,1.0,0,1,1,0,1,0.0,1,612.6388572940566,0.0,1,0.0,26.4,26.4,0.0,0.0,1.2732395447351628,0.0932642487046632,0.0039711965417914,156.78,4.625,0,11.04,45.83662361046586,0.0,0.0,79,177,0.0,237,405.6155913978495,0.0,678.6366773438417,79.9833,569,472.5,267,Low,0.0,0.0111111111111111,0.0,0.0324118150821515,0.0751464513438937
213,6,태릉입구,B2,상대식,119.9,103.35,16.55,15.45,7호선환승,37.617319,127.074741,16.55000000000001,1.0,0,1,1,0,1,0.0,0,1292.083701667569,0.0,1,0.0,26.4,26.4,0.0,0.0,1.2732395447351628,0.1139896373056994,0.0041593811707087,174.39,3.9634090909090913,0,5.7,56.02253996834716,0.0,0.0,79,177,0.0,237,405.6155913978495,0.0,678.6366773438417,79.98487800000001,577,472.5,267,Low,0.0,0.0111111111111111,0.0,0.0393830061588027,0.0904355408642765
214,6,화랑대,B2,상대식,119.99,103.32,16.67,15.57,,37.619875,127.084106,16.67,1.0,0,1,0,0,1,0.0,0,2127.2604194992514,0.0,0,0.0,0.0,0.0,0.0,0.0,0.0,0.0984455958549222,0.0095082132215324,398.65,10.49078947368421,0,15.1,48.38310269993618,0.0,0.0,79,177,0.0,237,405.6155913978495,0.0,678.6366773438417,80.02973,571,472.5,267,Low,0.0,0.0,0.0,0.0359846030254849,0.0789207770899839
215,6,봉화산,B2,섬식,123.46,112.42,11.04,9.94,,37.617293,127.091375,11.039999999999992,1.0,1,0,0,0,1,0.0,0,2759.624616799107,0.0,1,0.0909090909090909,11.7,11.7,0.0,0.0,1.2732395447351628,0.0569948186528497,0.0501052903731756,2006.86,95.48909090909092,0,96.0,28.01126998417358,0.0,0.0,79,177,0.0,237,405.6155913978495,0.0,678.6366773438417,80.620152,556,472.5,267,Low,0.0,0.0111111111111111,0.0181818181818181,0.0357000363420084,0.0956501294444546
216,6,신내,지상,단선,132.2,132.8,-0.6,-1.7,경춘선환승,37.612571,127.104326,-0.6000000000000227,1.0,0,0,1,0,1,0.0,0,3947.94794776542,0.0,1,0.0909090909090909,0.0,0.0,0.0,0.0,1.2732395447351628,0.0,0.0,0.0,0.0,0,0.0,0.0,0.0,0.0,79,177,0.0,237,405.6155913978495,0.0,678.6366773438417,80.2,534,472.5,267,Low,0.0,0.0111111111111111,0.0181818181818181,0.0,0.0173534588307315
217,7,장암,지상,상대식,136.2,136.8,-0.6,-1.7,,37.70015,127.053126,-0.6000000000000227,1.0,0,1,0,0,1,0.0,0,9141.416195167763,0.0,0,0.0,0.0,0.0,0.0,0.0,0.0,0.0,0.0,0.0,0.0,0,0.0,0.0,0.0,0.0,79,177,0.0,237,405.6155913978495,0.0,678.6366773438417,79.95,533,472.5,267,Low,0.0,0.0,0.0,0.0,0.0
218,7,도봉산,고가,상대식,128.52,133.77,-5.25,-6.35,1호선환승,37.689131,127.046548,-5.25,1.0,0,1,1,0,1,0.0,0,7987.916301846875,0.0,0,0.0,0.0,0.0,0.0,0.0,0.0,0.0,0.0,0.0,0.0,0,0.0,0.0,0.0,0.0,79,177,0.0,237,405.6155913978495,0.0,678.6366773438417,79.95,533,472.5,267,Low,0.0,0.0111111111111111,0.0,0.0,0.0040614478114478
219,7,수락산,B3,섬식(복합),131.52,115.96,15.56,14.46,,37.677804,127.055314,15.560000000000016,1.0,0,0,0,0,1,0.0,0,6653.89353775746,0.0,6,0.5454545454545454,1458.7146452999998,243.11910755,0.0,0.5,7.639437268410976,0.0103626943005181,0.000534263078295,22.4,5.6,0,5.69,5.092958178940651,0.0,0.0,79,177,0.0,237,405.6155913978495,0.0,678.6366773438417,81.45448,543,474.5,267,Low,0.0,0.0,0.209090909090909,0.003632319126271,0.1608244629873348
220,7,마들,B3,섬식,125.84,104.7,21.14,20.04,,37.664985,127.057701,21.14,1.0,1,0,0,0,1,0.0,0,5221.925559329143,0.0,0,0.0,0.0,0.0,0.0,0.0,0.0,0.0103626943005181,0.0027786450277399,116.5,29.125,0,46.57,5.092958178940651,0.0,0.0,79,177,0.0,237,405.6155913978495,0.0,678.6366773438417,79.97330000000001,537,472.5,267,Low,0.0,0.0111111111111111,0.0,0.0043804464427526,0.0136685633052122
222,7,중계,B3,섬식,124.2,102.78,21.42,20.32,,37.645052,127.064084,21.42,1.0,1,0,0,0,1,0.0,0,3025.3710974441983,0.0,0,0.0,0.0,0.0,0.0,0.0,0.0,0.0233160621761658,0.0002959912857875,12.41,1.3788888888888888,0,8.45,11.459155902616464,0.0,0.0,79,177,0.0,237,405.6155913978495,0.0,678.6366773438417,79.952482,542,472.5,267,Low,0.0,0.0111111111111111,0.0,0.0078706844873177,0.0213232899256788
223,7,하계,B3,섬식,120.77,99.5,21.27,20.17,,37.636363,127.067999,21.27,1.0,1,0,0,0,1,0.0,0,2155.777791372647,0.0,0,0.0,0.0,0.0,0.0,0.0,0.0,0.194300518134715,0.0076979200232022,322.75,4.303333333333334,0,8.0,95.4929658551372,0.0,0.0,79,177,0.0,237,405.6155913978495,0.0,678.6366773438417,80.01455,608,472.5,267,Low,0.0,0.0111111111111111,0.0,0.0673328127193057,0.1517345484344707
224,7,공릉,B4,상대식,118.74,95.02,23.72,22.62,,37.625642,127.072969,23.72,1.0,0,1,0,0,1,0.0,0,1417.327813139054,0.0,8,0.0909090909090909,0.0,0.0,0.0,0.0,10.185916357881302,0.1113989637305699,0.0039769207890588,166.74,3.8776744186046512,0,6.72,54.749300423612,0.0,0.0,79,177,0.0,237,405.6155913978495,0.0,678.6366773438417,80.233348,577,472.5,267,Low,0.0,0.0,0.0181818181818181,0.0384586281732096,0.0976387750809821
226,7,먹골,B3,상대식,117.11,97.84,19.27,18.17,,37.610638,127.077719,19.27,1.0,0,1,0,0,1,0.0,0,1753.607100877713,0.0,0,0.0,0.0,0.0,0.0,0.0,0.0,0.0155440414507772,0.0119939675974213,502.87,83.81166666666667,1,171.0,7.639437268410976,0.0,0.0,79,177,0.0,237,405.6155913978495,0.0,678.6366773438417,80.050574,539,472.5,267,Low,0.0,0.0,0.0,0.0091793363493995,0.0201319535844784
227,7,중화,B3,상대식,116.13,95.68,20.45,19.35,,37.602604,127.079254,20.44999999999999,1.0,0,1,0,0,1,0.0,0,2400.476962687962,0.0,0,0.0,0.0,0.0,0.0,0.0,0.0,0.0,0.0,0.0,0.0,0,0.0,0.0,0.0,0.0,79,177,0.0,237,405.6155913978495,0.0,678.6366773438417,79.95,533,472.5,267,Low,0.0,0.0,0.0,0.0,0.0
228,7,상봉,B3,상대식,117.63,94.28,23.35,22.25,"경의중앙선,경춘선환승",37.595673,127.085708,23.349999999999994,1.0,0,1,1,0,1,0.0,0,3350.929147348846,0.0,1,0.0909090909090909,160.748752,160.748752,0.0,0.5,1.2732395447351628,0.005181347150259,0.0006201267873067,26.0,13.0,0,13.0,2.546479089470325,0.0,0.0,79,177,0.0,237,405.6155913978495,0.0,678.6366773438417,80.2052,536,474.5,267,Low,0.0,0.0111111111111111,0.1181818181818182,0.0019338246458552,0.0947007484896338
229,7,면목,B4,상대식,120.4,92.82,27.58,26.48,,37.588671,127.087503,27.580000000000013,1.0,0,1,0,0,1,0.0,0,4052.376415736388,0.0,3,0.0909090909090909,80.3,26.766666666666666,0.0,0.0,3.819718634205488,0.0,0.0,0.0,0.0,0,0.0,0.0,0.0,0.0,79,177,0.0,237,405.6155913978495,0.0,678.6366773438417,80.2,534,472.5,267,Low,0.0,0.0,0.0181818181818181,0.0,0.0132920110192837
230,7,사가정,B4,상대식,123.51,98.74,24.77,23.67,,37.580912,127.088502,24.77000000000001,1.0,0,1,0,0,1,0.0,0,4816.6524789370815,0.0,3,0.2727272727272727,38.4,12.8,0.0,0.0,3.819718634205488,0.0,0.0,0.0,0.0,0,0.0,0.0,0.0,0.0,79,177,0.0,237,405.6155913978495,0.0,678.6366773438417,80.7,536,472.5,267,Low,0.0,0.0,0.0545454545454545,0.0,0.0398760330578512
231,7,용마산,B4,상대식,145.41,115.6,29.81,28.71,,37.573752,127.086802,29.81,1.0,0,1,0,0,1,0.0,0,4847.455318338184,0.0,0,0.0,0.0,0.0,0.0,0.0,0.0,0.0,0.0,0.0,0.0,0,0.0,0.0,0.0,0.0,79,177,0.0,237,405.6155913978495,0.0,678.6366773438417,79.95,533,472.5,267,Low,0.0,0.0,0.0,0.0,0.0
232,7,중곡,B3,상대식,124.93,107.04,17.89,16.79,,37.565877,127.084291,17.89,1.0,0,1,0,0,1,0.0,0,4384.185346464395,0.0,0,0.0,0.0,0.0,0.0,0.0,0.0,0.0,0.0,0.0,0.0,0,0.0,0.0,0.0,0.0,79,177,0.0,237,405.6155913978495,0.0,678.6366773438417,79.95,533,472.5,267,Low,0.0,0.0,0.0,0.0,0.0
234,7,어린이대공원,B3,상대식,120.93,101.76,19.17,18.07,5호선환승,37.547962,127.07465,19.17,1.0,0,1,1,0,1,0.0,0,3327.133102773716,0.0,0,0.0,0.0,0.0,0.0,0.0,0.0,0.077720207253886,0.0004624714771491,18.5,0.6463333333333333,0,5.0,38.19718634205488,0.0,0.0,79,177,0.0,237,405.6155913978495,0.0,678.6366773438417,79.953878,563,472.5,267,Low,0.0,0.0111111111111111,0.0,0.026060892910345,0.061217724308
236,7,뚝섬유원지,고가,상대식,115.28,128.47,-13.19,-14.29,,37.531558,127.066714,-13.189999999999998,1.0,0,1,0,0,1,0.0,0,2908.581134624067,0.0,1,0.0909090909090909,0.0,0.0,0.0,0.0,1.2732395447351628,0.0569948186528497,0.0101452742403387,425.36,19.334545454545456,0,51.15,28.01126998417358,0.0,0.0,79,177,0.0,237,405.6155913978495,0.0,678.6366773438417,80.285072,556,472.5,267,Low,0.0,0.0,0.0181818181818181,0.0223800309643961,0.0623754880207435
237,7,청담,B4,섬식,141.38,117.51,23.87,22.77,,37.519097,127.051851,23.86999999999999,1.0,1,0,0,0,1,0.0,0,2182.8933048818462,0.0,0,0.0,0.0,0.0,0.0,0.0,0.0,0.0336787564766839,0.0066224770678306,277.96,21.358461538461537,0,50.39,16.552114081557114,0.0,0.0,79,177,0.0,237,405.6155913978495,0.0,678.6366773438417,80.005532,546,472.5,267,Low,0.0,0.0111111111111111,0.0,0.0134337445148381,0.0335240920314906
238,7,강남구청,B3,상대식,150.75,127.93,22.82,21.72,분당선환승,37.517185,127.04122,22.82,1.0,0,1,1,0,1,0.0,0,1673.3852648349089,0.0,0,0.0,0.0,0.0,0.0,0.0,0.0,0.044041450777202,0.0024542710159179,102.9,6.052941176470589,0,54.53,21.645072260497766,0.0,0.0,79,177,0.0,237,405.6155913978495,0.0,678.6366773438417,79.97058,550,472.5,267,Low,0.0,0.0111111111111111,0.0,0.01549857393104,0.0380526383647514
239,7,학동,B3,상대식,137.0,114.55,22.45,21.35,,37.514262,127.031738,22.450000000000003,1.0,0,1,0,0,1,0.0,0,1751.8781881077552,0.0,0,0.0,0.0,0.0,0.0,0.0,0.0,0.0077720207253886,0.0062122393469969,260.46,86.82,2,118.0,3.819718634205488,0.0,0.0,79,177,0.0,237,405.6155913978495,0.0,678.6366773438417,80.002092,536,472.5,267,Low,0.0,0.0,0.0,0.0046614200241285,0.0102233416438273
240,7,논현,B3,상대식,126.72,103.75,22.97,21.87,신분당선환승,37.511108,127.021385,22.97,1.0,0,1,1,0,1,0.0,0,2278.2036582183973,0.0,0,0.0,0.0,0.0,0.0,0.0,0.0,0.2020725388601036,0.0385733172322978,1617.36,20.734102564102564,1,108.75,99.31268448934269,0.0,0.0,79,177,0.0,237,405.6155913978495,0.0,678.6366773438417,80.273452,611,472.5,267,Low,0.0,0.0111111111111111,0.0,0.0802152853641338,0.1799881532123322
241,7,반포,B3,상대식,113.37,92.77,20.6,19.5,,37.508171,127.011717,20.60000000000001,1.0,0,1,0,0,1,0.0,0,2983.383363546663,0.0,0,0.0,0.0,0.0,0.0,0.0,0.0,0.0725388601036269,0.0145961150010816,613.37,21.85607142857143,0,87.07,35.65070725258456,0.0,0.0,79,177,0.0,237,405.6155913978495,0.0,678.6366773438417,80.072394,561,472.5,267,Low,0.0,0.0,0.0,0.0290449917015695,0.063700947709124
243,7,내방,B3,상대식,115.5,93.13,22.37,21.27,,37.48764,126.993541,22.370000000000005,1.0,0,1,0,0,1,0.0,0,5771.845726414744,0.0,0,0.0,0.0,0.0,0.0,0.0,0.0,0.0103626943005181,0.0015491244167528,64.95,16.2375,0,36.0,5.092958178940651,0.0,0.0,79,177,0.0,237,405.6155913978495,0.0,678.6366773438417,79.96299,537,472.5,267,Low,0.0,0.0,0.0,0.0039706062390903,0.0087082614107322
245,7,남성,B3,상대식,122.3,99.8,22.5,21.4,,37.484688,126.971108,22.5,1.0,0,1,0,0,1,0.0,0,6696.740043464238,0.0,0,0.0,0.0,0.0,0.0,0.0,0.0,0.0103626943005181,0.0009495095154877,39.81,9.9525,0,11.39,5.092958178940651,0.0,0.0,79,177,0.0,237,405.6155913978495,0.0,678.6366773438417,79.95796200000001,537,472.5,267,Low,0.0,0.0,0.0,0.0037707346053353,0.0082699065776103
246,7,숭실대입구,B6,상대식,171.78,126.15,45.63,44.53,,37.496258,126.953649,45.63,1.0,0,1,0,0,1,0.0,0,6113.506842194176,0.0,1,0.0,0.0,0.0,0.0,0.0,1.2732395447351628,0.0751295336787564,0.0029742234760443,79.92,4.3,0,12.0,36.92394679731972,0.0,0.0,79,177,0.0,237,405.6155913978495,0.0,678.6366773438417,79.97494,562,472.5,267,Low,0.0,0.0,0.0,0.0260345857182669,0.0570985800411991
247,7,상도,B3,상대식,140.86,118.85,22.01,20.91,,37.50279,126.947949,22.01000000000002,1.0,0,1,0,0,1,0.0,0,5377.44239499839,0.0,0,0.0,0.0,0.0,0.0,0.0,0.0,0.1373056994818653,0.0090486038680169,334.72,7.15811320754717,0,24.83,67.48169587096362,0.0,0.0,79,177,0.0,237,405.6155913978495,0.0,678.6366773438417,80.025876,586,472.5,267,Low,0.0,0.0,0.0,0.048784767783294,0.1069938657065427
248,7,장승배기,B3,상대식,131.37,108.98,22.39,21.29,,37.504845,126.939025,22.39,1.0,0,1,0,0,1,0.0,0,4949.961390303224,0.0,0,0.0,0.0,0.0,0.0,0.0,0.0,0.2202072538860103,0.0399860137558432,1319.22,19.723411764705883,3,112.78,108.22536130248884,0.0,0.0,79,177,0.0,237,405.6155913978495,0.0,678.6366773438417,80.285298,618,472.5,267,Low,0.0,0.0,0.0,0.0867310892139511,0.1902170479351429
249,7,신대방삼거리,B3,상대식,124.16,101.72,22.44,21.34,,37.499717,126.928218,22.44,1.0,0,1,0,0,1,0.0,0,3903.4935892066414,0.0,0,0.0,0.0,0.0,0.0,0.0,0.0,0.0,0.0,0.0,0.0,0,0.0,0.0,0.0,0.0,79,177,0.0,237,405.6155913978495,0.0,678.6366773438417,79.95,533,472.5,267,Low,0.0,0.0,0.0,0.0,0.0
250,7,보라매,B2,섬식,118.51,102.77,15.74,14.64,신림선환승,37.499916,126.920112,15.740000000000007,1.0,1,0,1,0,1,0.0,0,3200.079928655178,0.0,0,0.0,0.0,0.0,0.0,0.0,0.0,0.0984455958549222,0.0244775968465121,1006.28,27.007105263157893,3,243.33,48.38310269993618,0.0,0.0,79,177,0.0,237,405.6155913978495,0.0,678.6366773438417,80.155254,571,472.5,267,Low,0.0,0.0444444444444444,0.0,0.0409743975671448,0.1061100950010066
251,7,신풍,B2,상대식,116.32,99.98,16.34,15.24,,37.500107,126.909806,16.33999999999999,1.0,0,1,0,0,1,0.0,0,2316.115994199434,0.0,0,0.0,0.0,0.0,0.0,0.0,0.0,0.0,0.0,0.0,0.0,0,0.0,0.0,0.0,0.0,79,177,0.0,237,405.6155913978495,0.0,678.6366773438417,79.95,533,472.5,267,Low,0.0,0.0,0.0,0.0,0.0
253,7,남구로,B5,상대식,123.55,90.91,32.64,31.54,,37.486181,126.887372,32.64,1.0,0,1,0,0,1,0.0,1,965.586452905404,0.0,1,0.0,0.0,0.0,0.0,0.0,1.2732395447351628,0.0,0.0,0.0,0.0,0,0.0,0.0,0.0,0.0,79,177,0.0,237,405.6155913978495,0.0,678.6366773438417,79.95,533,472.5,267,Low,0.0,0.0,0.0,0.0,0.0
254,7,가산디지털단지,B4,상대식,109.59,81.82,27.77,26.67,1호선환승,37.480376,126.882704,27.77000000000001,1.0,0,1,1,0,1,0.0,5,648.7286955433341,0.0,8,0.7272727272727273,0.0,0.0,0.0,0.0,10.185916357881302,0.3134715025906736,0.1363692196729976,5620.11,47.25239669421487,15,532.0,154.0619849129547,0.0,0.0,79,177,0.0,237,405.6155913978495,0.0,678.6366773438417,83.093508,662,472.5,267,Medium,0.0,0.0111111111111111,0.1454545454545454,0.1499469074212237,0.439258367014538
255,7,철산,B2,상대식,115.05,98.52,16.53,15.43,,37.47616,126.868217,16.53,1.0,0,1,0,0,1,0.0,0,1610.6200581209073,0.0,0,0.0,0.0,0.0,0.0,0.0,0.0,0.0,0.0,0.0,0.0,0,0.0,0.0,0.0,0.0,79,177,0.0,237,405.6155913978495,0.0,678.6366773438417,79.95,533,472.5,267,Low,0.0,0.0,0.0,0.0,0.0
256,7,광명사거리,B3,섬식(복합),112.14,95.34,16.8,15.7,,37.47927,126.854854,16.799999999999997,1.0,0,0,0,0,1,0.0,0,2705.308984448779,0.0,0,0.0,0.0,0.0,0.0,0.0,0.0,0.0,0.0,0.0,0.0,0,0.0,0.0,0.0,0.0,79,177,0.0,237,405.6155913978495,0.0,678.6366773438417,79.95,533,472.5,267,Low,0.0,0.0,0.0,0.0,0.0
257,7,천왕,B2,상대식,122.31,102.84,19.47,18.37,,37.486699,126.838684,19.47,1.0,0,1,0,0,1,0.0,0,2561.022619278689,0.0,2,0.0,0.0,0.0,0.0,0.0,2.546479089470325,0.0,0.0,0.0,0.0,0,0.0,0.0,0.0,0.0,79,177,0.0,237,405.6155913978495,0.0,678.6366773438417,79.95,533,472.5,267,Low,0.0,0.0,0.0,0.0,0.0
258,7,온수,B2,섬식(복합),127.29,110.96,16.33,15.23,1호선환승,37.492059,126.823294,16.330000000000013,1.0,0,0,1,0,1,0.0,0,3367.589356271866,0.0,0,0.0,0.0,0.0,0.0,0.0,0.0,0.0,0.0,0.0,0.0,0,0.0,0.0,0.0,0.0,79,177,0.0,237,405.6155913978495,0.0,678.6366773438417,79.95,533,472.5,267,Low,0.0,0.0111111111111111,0.0,0.0,0.0040614478114478
259,8,암사,B2,상대식,116.48,101.39,15.09,13.99,,37.550127,127.127521,15.090000000000003,1.0,0,1,0,0,1,0.0,0,7996.143791468409,0.0,0,0.0,0.0,0.0,0.0,0.0,0.0,0.0,0.0,0.0,0.0,0,0.0,0.0,0.0,0.0,79,177,0.0,237,405.6155913978495,0.0,678.6366773438417,79.95,533,472.5,267,Low,0.0,0.0,0.0,0.0,0.0
261,8,강동구청,B3,상대식,116.92,94.98,21.94,20.84,,37.530348,127.120461,21.94,1.0,0,1,0,0,1,0.0,0,7483.072200098261,0.0,4,0.1818181818181818,0.0,0.0,0.0,0.0,5.092958178940651,0.0181347150259067,0.001873259918272,78.54,11.22,0,30.5,8.91267681314614,0.0,0.0,79,177,0.0,237,405.6155913978495,0.0,678.6366773438417,80.465708,542,472.5,267,Low,0.0,0.0,0.0363636363636363,0.0066693249813929,0.0412110643273042
262,8,몽촌토성,B3,상대식,114.64,95.04,19.6,18.5,,37.517692,127.11274,19.599999999999994,1.0,0,1,0,0,1,0.0,0,7247.5320687786625,0.0,0,0.0,0.0,0.0,0.0,0.0,0.0,0.4507772020725388,0.0677688863787004,2798.38,16.32954022988506,5,153.0,221.54368078391832,0.0,0.0,79,177,0.0,237,405.6155913978495,0.0,678.6366773438417,80.518268,707,472.5,267,Medium,0.0,0.0,0.0,0.1728486961504131,0.3790886176935196
264,8,석촌,B2,상대식,114.9,100.46,14.44,13.34,9호선환승,37.505396,127.106995,14.440000000000012,1.0,0,1,1,0,1,0.0,0,7226.48785401134,0.0,0,0.0,0.0,0.0,0.0,0.0,0.0,0.2253886010362694,0.0626242191470823,2292.35,30.179770114942528,15,216.97,110.77184039195916,0.0,0.0,79,177,0.0,237,405.6155913978495,0.0,678.6366773438417,80.475128,620,472.5,267,Low,0.0,0.0111111111111111,0.0,0.0960042733944506,0.2146162746879133
265,8,송파,B2,상대식,116.24,100.34,15.9,14.8,,37.49978,127.11212,15.899999999999991,1.0,0,1,0,0,1,0.0,0,7892.453444810542,0.0,0,0.0,0.0,0.0,0.0,0.0,0.0,0.0544041450777202,0.005695387520807,215.59,11.37095238095238,0,12.0,26.73803043943842,0.0,0.0,79,177,0.0,237,405.6155913978495,0.0,678.6366773438417,79.997758,554,472.5,267,Low,0.0,0.0,0.0,0.0200331775328424,0.0439364007254384
267,8,문정,B2,상대식,117.88,101.98,15.9,14.8,,37.485931,127.122473,15.899999999999991,1.0,0,1,0,0,1,0.0,0,9428.818089411308,0.0,1,0.0909090909090909,0.0,0.0,0.0,0.0,1.2732395447351628,0.3626943005181347,0.0663678768599927,2634.74,19.875714285714285,10,143.33,178.25353626292278,0.0,0.0,79,177,0.0,237,405.6155913978495,0.0,678.6366773438417,80.75652000000001,674,472.5,267,Medium,0.0,0.0,0.0181818181818181,0.1430207257927091,0.3269624664510209
268,8,장지,B2,상대식,119.68,105.6,14.08,12.98,,37.478609,127.126229,14.080000000000013,1.0,0,1,0,0,1,0.0,0,10148.370680021457,0.0,0,0.0,0.0,0.0,0.0,0.0,0.0,0.2202072538860103,0.1410471222420159,3492.73,69.57258823529412,21,405.29,108.22536130248884,0.0,0.0,79,177,0.0,237,405.6155913978495,0.0,678.6366773438417,81.132734,618,472.5,267,Medium,0.0,0.0,0.0,0.1204181253760087,0.264098843154201
269,8,복정,B3,섬식,118.42,104.81,13.61,12.51,분당선환승,37.471016,127.126746,13.61,1.0,1,0,1,0,1,0.0,0,10681.639617958555,0.0,1,0.0,0.0,0.0,0.0,0.0,1.2732395447351628,0.0466321243523316,0.1879196439709007,7054.29,437.7161111111111,16,662.95,22.91831180523293,0.0,0.0,79,177,0.0,237,405.6155913978495,0.0,678.6366773438417,81.525778,551,472.5,267,Low,0.0,0.0444444444444444,0.0,0.0781839227744107,0.1877173491487603
270,8,남위례,지상,상대식,136.94,135.87,1.07,-0.03,,37.462839,127.139047,1.0699999999999932,1.0,0,1,0,0,1,0.0,0,12097.873716983648,0.0,0,0.0,0.0,0.0,0.0,0.0,0.0,0.0,0.0,0.0,0.0,0,0.0,0.0,0.0,0.0,79,177,0.0,237,405.6155913978495,0.0,678.6366773438417,79.95,533,472.5,267,Low,0.0,0.0,0.0,0.0,0.0
271,8,산성,B4,상대식,208.65,152.86,55.79,54.69,,37.456886,127.149927,55.78999999999999,1.0,0,1,0,0,1,0.0,0,13263.247651647816,0.0,1,0.0,0.0,0.0,0.0,0.0,1.2732395447351628,0.0,0.0,0.0,0.0,0,0.0,0.0,0.0,0.0,79,177,0.0,237,405.6155913978495,0.0,678.6366773438417,79.95,533,472.5,267,Low,0.0,0.0,0.0,0.0,0.0
272,8,남한산성입구,B3,상대식,166.05,147.34,18.71,17.61,,37.451568,127.159845,18.710000000000008,1.0,0,1,0,0,1,0.0,0,14318.586077151753,0.0,0,0.0,0.0,0.0,0.0,0.0,0.0,0.0,0.0,0.0,0.0,0,0.0,0.0,0.0,0.0,79,177,0.0,237,405.6155913978495,0.0,678.6366773438417,79.95,533,472.5,267,Low,0.0,0.0,0.0,0.0,0.0
273,8,단대오거리,B3,상대식,153.71,139.5,14.21,13.11,,37.445057,127.156735,14.210000000000008,1.0,0,1,0,0,1,0.0,0,14559.074448277805,0.0,0,0.0,0.0,0.0,0.0,0.0,0.0,0.0,0.0,0.0,0.0,0,0.0,0.0,0.0,0.0,79,177,0.0,237,405.6155913978495,0.0,678.6366773438417,79.95,533,472.5,267,Low,0.0,0.0,0.0,0.0,0.0
274,8,신흥,B2,상대식,143.89,128.47,15.42,14.32,,37.440952,127.14759,15.419999999999987,1.0,0,1,0,0,1,0.0,0,14264.967861240597,0.0,0,0.0,0.0,0.0,0.0,0.0,0.0,0.0,0.0,0.0,0.0,0,0.0,0.0,0.0,0.0,79,177,0.0,237,405.6155913978495,0.0,678.6366773438417,79.95,533,472.5,267,Low,0.0,0.0,0.0,0.0,0.0
275,8,수진,B2,상대식,137.63,122.76,14.87,13.77,,37.437575,127.140936,14.86999999999999,1.0,0,1,0,0,1,0.0,0,14117.031574443829,0.0,0,0.0,0.0,0.0,0.0,0.0,0.0,0.0,0.0,0.0,0.0,0,0.0,0.0,0.0,0.0,79,177,0.0,237,405.6155913978495,0.0,678.6366773438417,79.95,533,472.5,267,Low,0.0,0.0,0.0,0.0,0.0
276,8,모란,B3,상대식,128.39,106.23,22.16,21.06,분당선환승,37.433888,127.129921,22.159999999999982,1.0,0,1,1,0,1,0.0,0,13781.24022872178,0.0,0,0.0,0.0,0.0,0.0,0.0,0.0,0.0,0.0,0.0,0.0,0,0.0,0.0,0.0,0.0,79,177,0.0,237,405.6155913978495,0.0,678.6366773438417,79.95,533,472.5,267,Low,0.0,0.0111111111111111,0.0,0.0,0.0040614478114478
